timestamp,tag,page,mode,dpi,proc,input_px,box_thr,text_thr,tile,overlap,nms_iou,anchors,kept,hit,recall,clean,merged,spurious,label
2026-09-19T15:01:14,p1_single_dpi200_box0.08_txt0.1_procDEFAULT,1,single,200,defxdef,1120x800,0.08,0.1,,,,2,15,0,0.0,0,0,15,correct
2026-09-19T15:01:15,p1_single_dpi200_box0.12_txt0.1_procDEFAULT,1,single,200,defxdef,1120x800,0.12,0.1,,,,2,6,0,0.0,0,0,6,correct
2026-09-19T15:03:36,p2_single_dpi200_box0.12_txt0.1_procDEFAULT,2,single,200,defxdef,1120x800,0.12,0.1,,,,2,6,0,0.0,0,0,6,correct
2026-09-19T15:04:18,p1_tiled_dpi200_box0.08_txt0.1_tile2800_ov0.2_nms0.45_procDEFAULT,1,tiled,200,defxdef,800x800,0.08,0.1,2800.0,0.2,0.45,2,39,2,1.0,3,0,36,wrong
2026-09-19T15:04:19,p1_tiled_dpi200_box0.12_txt0.1_tile2800_ov0.2_nms0.45_procDEFAULT,1,tiled,200,defxdef,800x800,0.12,0.1,2800.0,0.2,0.45,2,27,2,1.0,3,0,24,wrong
2026-09-19T15:04:27,p2_tiled_dpi200_box0.08_txt0.1_tile2800_ov0.2_nms0.45_procDEFAULT,2,tiled,200,defxdef,800x800,0.08,0.1,2800.0,0.2,0.45,2,42,2,1.0,4,0,38,wrong
2026-09-19T15:04:28,p2_tiled_dpi200_box0.12_txt0.1_tile2800_ov0.2_nms0.45_procDEFAULT,2,tiled,200,defxdef,800x800,0.12,0.1,2800.0,0.2,0.45,2,33,2,1.0,4,0,29,wrong
2026-09-19T15:04:35,p2_single_dpi200_box0.08_txt0.1_procDEFAULT,2,single,200,defxdef,1120x800,0.08,0.1,,,,2,14,0,0.0,0,0,14,wrong
2026-09-19T15:04:41,p3_tiled_dpi200_box0.08_txt0.1_tile2800_ov0.2_nms0.45_procDEFAULT,3,tiled,200,defxdef,800x800,0.08,0.1,2800.0,0.2,0.45,2,47,2,1.0,3,0,44,wrong
2026-09-19T15:04:42,p3_tiled_dpi200_box0.12_txt0.1_tile2800_ov0.2_nms0.45_procDEFAULT,3,tiled,200,defxdef,800x800,0.12,0.1,2800.0,0.2,0.45,2,39,2,1.0,3,0,36,wrong
2026-09-19T15:04:48,p3_single_dpi200_box0.12_txt0.1_procDEFAULT,3,single,200,defxdef,1120x800,0.12,0.1,,,,2,12,0,0.0,0,0,12,correct
2026-09-19T15:04:53,p3_single_dpi200_box0.08_txt0.1_procDEFAULT,3,single,200,defxdef,1120x800,0.08,0.1,,,,2,25,0,0.0,0,0,25,wrong
2026-09-19T15:05:05,p4_tiled_dpi200_box0.08_txt0.1_tile2800_ov0.2_nms0.45_procDEFAULT,4,tiled,200,defxdef,800x800,0.08,0.1,2800.0,0.2,0.45,2,47,2,1.0,3,0,44,wrong
2026-09-19T15:05:06,p4_tiled_dpi200_box0.12_txt0.1_tile2800_ov0.2_nms0.45_procDEFAULT,4,tiled,200,defxdef,800x800,0.12,0.1,2800.0,0.2,0.45,2,40,2,1.0,3,0,37,wrong
2026-09-19T15:05:10,p4_single_dpi200_box0.08_txt0.1_procDEFAULT,4,single,200,defxdef,1120x800,0.08,0.1,,,,2,15,0,0.0,0,0,15,wrong
2026-09-19T15:05:10,p4_single_dpi200_box0.12_txt0.1_procDEFAULT,4,single,200,defxdef,1120x800,0.12,0.1,,,,2,9,0,0.0,0,0,9,correct
2026-09-19T15:05:14,p5_tiled_dpi200_box0.08_txt0.1_tile2800_ov0.2_nms0.45_procDEFAULT,5,tiled,200,defxdef,800x800,0.08,0.1,2800.0,0.2,0.45,3,33,3,1.0,4,0,29,wrong
2026-09-19T15:05:15,p5_tiled_dpi200_box0.12_txt0.1_tile2800_ov0.2_nms0.45_procDEFAULT,5,tiled,200,defxdef,800x800,0.12,0.1,2800.0,0.2,0.45,3,28,3,1.0,4,0,24,wrong
2026-09-19T15:05:18,p5_single_dpi200_box0.12_txt0.1_procDEFAULT,5,single,200,defxdef,1120x800,0.12,0.1,,,,3,11,0,0.0,0,0,11,correct
2026-09-19T15:05:19,p5_single_dpi200_box0.08_txt0.1_procDEFAULT,5,single,200,defxdef,1120x800,0.08,0.1,,,,3,20,0,0.0,0,0,20,wrong
2026-09-19T15:05:24,p6_tiled_dpi200_box0.08_txt0.1_tile2800_ov0.2_nms0.45_procDEFAULT,6,tiled,200,defxdef,800x800,0.08,0.1,2800.0,0.2,0.45,2,35,2,1.0,3,0,32,wrong
2026-09-19T15:06:16,p6_tiled_dpi200_box0.12_txt0.1_tile2800_ov0.2_nms0.45_procDEFAULT,6,tiled,200,defxdef,800x800,0.12,0.1,2800.0,0.2,0.45,2,24,2,1.0,3,0,21,wrong
2026-09-19T15:06:18,p6_single_dpi200_box0.08_txt0.1_procDEFAULT,6,single,200,defxdef,1120x800,0.08,0.1,,,,2,21,0,0.0,0,0,21,wrong
2026-09-19T15:06:19,p6_single_dpi200_box0.12_txt0.1_procDEFAULT,6,single,200,defxdef,1120x800,0.12,0.1,,,,2,9,0,0.0,0,0,9,correct
2026-09-19T15:06:21,p7_tiled_dpi200_box0.08_txt0.1_tile2800_ov0.2_nms0.45_procDEFAULT,7,tiled,200,defxdef,800x800,0.08,0.1,2800.0,0.2,0.45,4,50,4,1.0,3,3,44,wrong
2026-09-19T15:06:23,p7_tiled_dpi200_box0.12_txt0.1_tile2800_ov0.2_nms0.45_procDEFAULT,7,tiled,200,defxdef,800x800,0.12,0.1,2800.0,0.2,0.45,4,34,4,1.0,2,3,29,wrong
2026-09-19T15:06:27,p7_single_dpi200_box0.08_txt0.1_procDEFAULT,7,single,200,defxdef,1120x800,0.08,0.1,,,,4,19,0,0.0,0,0,19,wrong
2026-09-19T15:06:29,p7_single_dpi200_box0.12_txt0.1_procDEFAULT,7,single,200,defxdef,1120x800,0.12,0.1,,,,4,8,0,0.0,0,0,8,correct
2026-09-19T15:06:35,p8_tiled_dpi200_box0.08_txt0.1_tile2800_ov0.2_nms0.45_procDEFAULT,8,tiled,200,defxdef,800x800,0.08,0.1,2800.0,0.2,0.45,3,41,3,1.0,6,1,34,wrong
2026-09-19T15:06:37,p8_tiled_dpi200_box0.12_txt0.1_tile2800_ov0.2_nms0.45_procDEFAULT,8,tiled,200,defxdef,800x800,0.12,0.1,2800.0,0.2,0.45,3,34,3,1.0,6,1,27,wrong
2026-09-19T15:06:50,p8_single_dpi200_box0.08_txt0.1_procDEFAULT,8,single,200,defxdef,1120x800,0.08,0.1,,,,3,21,2,0.667,2,1,18,correct
2026-09-19T15:06:51,p8_single_dpi200_box0.12_txt0.1_procDEFAULT,8,single,200,defxdef,1120x800,0.12,0.1,,,,3,12,2,0.667,0,1,11,wrong
2026-09-19T15:06:59,p9_tiled_dpi200_box0.08_txt0.1_tile2800_ov0.2_nms0.45_procDEFAULT,9,tiled,200,defxdef,800x800,0.08,0.1,2800.0,0.2,0.45,2,34,2,1.0,3,0,31,wrong
2026-09-19T15:07:03,p9_tiled_dpi200_box0.12_txt0.1_tile2800_ov0.2_nms0.45_procDEFAULT,9,tiled,200,defxdef,800x800,0.12,0.1,2800.0,0.2,0.45,2,27,2,1.0,3,0,24,wrong
2026-09-19T15:07:05,p9_single_dpi200_box0.08_txt0.1_procDEFAULT,9,single,200,defxdef,1120x800,0.08,0.1,,,,2,20,0,0.0,0,0,20,wrong
2026-09-19T15:07:06,p9_single_dpi200_box0.12_txt0.1_procDEFAULT,9,single,200,defxdef,1120x800,0.12,0.1,,,,2,12,0,0.0,0,0,12,correct
2026-09-19T15:08:12,p10_tiled_dpi200_box0.08_txt0.1_tile2800_ov0.2_nms0.45_procDEFAULT,10,tiled,200,defxdef,800x800,0.08,0.1,2800.0,0.2,0.45,3,37,3,1.0,5,0,32,wrong
2026-09-19T15:08:13,p10_tiled_dpi200_box0.12_txt0.1_tile2800_ov0.2_nms0.45_procDEFAULT,10,tiled,200,defxdef,800x800,0.12,0.1,2800.0,0.2,0.45,3,26,3,1.0,4,0,22,wrong
2026-09-19T15:08:17,p10_single_dpi200_box0.08_txt0.1_procDEFAULT,10,single,200,defxdef,1120x800,0.08,0.1,,,,3,12,1,0.333,2,0,10,wrong
2026-09-19T15:08:18,p10_single_dpi200_box0.12_txt0.1_procDEFAULT,10,single,200,defxdef,1120x800,0.12,0.1,,,,3,9,1,0.333,2,0,7,correct
2026-09-19T15:08:50,p11_tiled_dpi200_box0.08_txt0.1_tile2800_ov0.2_nms0.45_procDEFAULT,11,tiled,200,defxdef,800x800,0.08,0.1,2800.0,0.2,0.45,3,42,3,1.0,5,1,36,wrong
2026-09-19T15:08:51,p11_tiled_dpi200_box0.12_txt0.1_tile2800_ov0.2_nms0.45_procDEFAULT,11,tiled,200,defxdef,800x800,0.12,0.1,2800.0,0.2,0.45,3,35,3,1.0,4,1,30,wrong
2026-09-19T15:08:56,p11_single_dpi200_box0.08_txt0.1_procDEFAULT,11,single,200,defxdef,1120x800,0.08,0.1,,,,3,21,2,0.667,0,1,20,wrong
2026-09-19T15:08:56,p11_single_dpi200_box0.12_txt0.1_procDEFAULT,11,single,200,defxdef,1120x800,0.12,0.1,,,,3,13,2,0.667,0,1,12,correct
2026-09-19T15:09:55,p12_tiled_dpi200_box0.08_txt0.1_tile2800_ov0.2_nms0.45_procDEFAULT,12,tiled,200,defxdef,800x800,0.08,0.1,2800.0,0.2,0.45,6,44,6,1.0,1,3,40,wrong
2026-09-19T15:09:56,p12_tiled_dpi200_box0.12_txt0.1_tile2800_ov0.2_nms0.45_procDEFAULT,12,tiled,200,defxdef,800x800,0.12,0.1,2800.0,0.2,0.45,6,36,6,1.0,1,3,32,wrong
2026-09-19T15:10:02,p12_single_dpi200_box0.12_txt0.1_procDEFAULT,12,single,200,defxdef,1120x800,0.12,0.1,,,,6,17,0,0.0,0,0,17,correct
2026-09-19T15:10:15,p12_single_dpi200_box0.08_txt0.1_procDEFAULT,12,single,200,defxdef,1120x800,0.08,0.1,,,,6,24,0,0.0,0,0,24,wrong
2026-09-19T15:11:33,p13_single_dpi200_box0.08_txt0.1_procDEFAULT,13,single,200,defxdef,1120x800,0.08,0.1,,,,9,27,3,0.333,0,1,26,correct
2026-09-19T15:11:34,p13_single_dpi200_box0.12_txt0.1_procDEFAULT,13,single,200,defxdef,1120x800,0.12,0.1,,,,9,18,0,0.0,0,0,18,wrong
2026-09-19T15:11:41,p13_tiled_dpi200_box0.12_txt0.1_tile2800_ov0.2_nms0.45_procDEFAULT,13,tiled,200,defxdef,800x800,0.12,0.1,2800.0,0.2,0.45,9,30,9,1.0,2,6,22,correct
2026-09-19T15:11:43,p13_tiled_dpi200_box0.08_txt0.1_tile2800_ov0.2_nms0.45_procDEFAULT,13,tiled,200,defxdef,800x800,0.08,0.1,2800.0,0.2,0.45,9,52,9,1.0,5,7,40,wrong
2026-09-19T15:11:46,p14_tiled_dpi200_box0.08_txt0.1_tile2800_ov0.2_nms0.45_procDEFAULT,14,tiled,200,defxdef,800x800,0.08,0.1,2800.0,0.2,0.45,6,48,6,1.0,3,3,42,wrong
2026-09-19T15:12:03,p14_tiled_dpi200_box0.12_txt0.1_tile2800_ov0.2_nms0.45_procDEFAULT,14,tiled,200,defxdef,800x800,0.12,0.1,2800.0,0.2,0.45,6,36,6,1.0,2,3,31,wrong
2026-09-19T15:12:04,p14_single_dpi200_box0.08_txt0.1_procDEFAULT,14,single,200,defxdef,1120x800,0.08,0.1,,,,6,24,0,0.0,0,0,24,correct
2026-09-19T15:12:05,p14_single_dpi200_box0.12_txt0.1_procDEFAULT,14,single,200,defxdef,1120x800,0.12,0.1,,,,6,14,0,0.0,0,0,14,wrong
2026-09-19T15:12:11,p15_single_dpi200_box0.08_txt0.1_procDEFAULT,15,single,200,defxdef,1120x800,0.08,0.1,,,,9,26,2,0.222,2,1,23,correct
2026-09-19T15:12:12,p15_tiled_dpi200_box0.12_txt0.1_tile2800_ov0.2_nms0.45_procDEFAULT,15,tiled,200,defxdef,800x800,0.12,0.1,2800.0,0.2,0.45,9,41,9,1.0,6,4,31,wrong
2026-09-19T15:12:13,p15_tiled_dpi200_box0.08_txt0.1_tile2800_ov0.2_nms0.45_procDEFAULT,15,tiled,200,defxdef,800x800,0.08,0.1,2800.0,0.2,0.45,9,49,9,1.0,6,5,38,wrong
2026-09-19T15:12:23,p15_single_dpi200_box0.12_txt0.1_procDEFAULT,15,single,200,defxdef,1120x800,0.12,0.1,,,,9,14,0,0.0,0,0,14,wrong
2026-09-19T15:12:58,p16_tiled_dpi200_box0.12_txt0.1_tile2800_ov0.2_nms0.45_procDEFAULT,16,tiled,200,defxdef,800x800,0.12,0.1,2800.0,0.2,0.45,13,40,13,1.0,5,5,30,correct
2026-09-19T15:13:01,p16_tiled_dpi200_box0.08_txt0.1_tile2800_ov0.2_nms0.45_procDEFAULT,16,tiled,200,defxdef,800x800,0.08,0.1,2800.0,0.2,0.45,13,46,13,1.0,7,6,33,correct
2026-09-19T15:13:03,p16_single_dpi200_box0.08_txt0.1_procDEFAULT,16,single,200,defxdef,1120x800,0.08,0.1,,,,13,15,3,0.231,0,1,14,wrong
2026-09-19T15:13:10,p16_single_dpi200_box0.12_txt0.1_procDEFAULT,16,single,200,defxdef,1120x800,0.12,0.1,,,,13,8,0,0.0,0,0,8,wrong
2026-09-19T15:17:57,p17_tiled_dpi200_box0.08_txt0.1_tile2800_ov0.2_nms0.45_procDEFAULT,17,tiled,200,defxdef,800x800,0.08,0.1,2800.0,0.2,0.45,14,46,14,1.0,7,7,32,correct
2026-09-19T15:18:14,p17_tiled_dpi200_box0.12_txt0.1_tile2800_ov0.2_nms0.45_procDEFAULT,17,tiled,200,defxdef,800x800,0.12,0.1,2800.0,0.2,0.45,14,33,14,1.0,5,6,22,correct
2026-09-19T15:18:15,p17_single_dpi200_box0.08_txt0.1_procDEFAULT,17,single,200,defxdef,1120x800,0.08,0.1,,,,14,19,9,0.643,4,2,13,wrong
2026-09-19T15:18:18,p17_single_dpi200_box0.12_txt0.1_procDEFAULT,17,single,200,defxdef,1120x800,0.12,0.1,,,,14,9,1,0.071,1,0,8,wrong
2026-09-19T15:18:25,p18_tiled_dpi200_box0.08_txt0.1_tile2800_ov0.2_nms0.45_procDEFAULT,18,tiled,200,defxdef,800x800,0.08,0.1,2800.0,0.2,0.45,8,44,8,1.0,8,2,34,correct
2026-09-19T15:18:27,p18_tiled_dpi200_box0.12_txt0.1_tile2800_ov0.2_nms0.45_procDEFAULT,18,tiled,200,defxdef,800x800,0.12,0.1,2800.0,0.2,0.45,8,34,8,1.0,6,2,26,correct
2026-09-19T15:18:35,p18_single_dpi200_box0.08_txt0.1_procDEFAULT,18,single,200,defxdef,1120x800,0.08,0.1,,,,8,25,2,0.25,4,0,21,correct
2026-09-19T15:18:38,p19_tiled_dpi200_box0.08_txt0.1_tile2800_ov0.2_nms0.45_procDEFAULT,19,tiled,200,defxdef,800x800,0.08,0.1,2800.0,0.2,0.45,11,51,11,1.0,7,4,40,wrong
2026-09-19T15:18:43,p19_tiled_dpi200_box0.12_txt0.1_tile2800_ov0.2_nms0.45_procDEFAULT,19,tiled,200,defxdef,800x800,0.12,0.1,2800.0,0.2,0.45,11,39,11,1.0,5,4,30,correct
2026-09-19T15:18:44,p19_single_dpi200_box0.08_txt0.1_procDEFAULT,19,single,200,defxdef,1120x800,0.08,0.1,,,,11,24,3,0.273,4,1,19,wrong
2026-09-19T15:18:45,p19_single_dpi200_box0.12_txt0.1_procDEFAULT,19,single,200,defxdef,1120x800,0.12,0.1,,,,11,8,3,0.273,0,1,7,wrong
2026-09-19T15:19:25,p18_single_dpi200_box0.12_txt0.1_procDEFAULT,18,single,200,defxdef,1120x800,0.12,0.1,,,,8,14,1,0.125,2,0,12,correct
2026-09-19T15:19:26,p20_tiled_dpi200_box0.08_txt0.1_tile2800_ov0.2_nms0.45_procDEFAULT,20,tiled,200,defxdef,800x800,0.08,0.1,2800.0,0.2,0.45,5,55,5,1.0,2,3,50,wrong
2026-09-19T15:19:27,p20_tiled_dpi200_box0.12_txt0.1_tile2800_ov0.2_nms0.45_procDEFAULT,20,tiled,200,defxdef,800x800,0.12,0.1,2800.0,0.2,0.45,5,42,5,1.0,1,3,38,wrong
2026-09-19T15:19:32,p20_single_dpi200_box0.08_txt0.1_procDEFAULT,20,single,200,defxdef,1120x800,0.08,0.1,,,,5,20,3,0.6,1,1,18,wrong
2026-09-19T15:19:32,p20_single_dpi200_box0.12_txt0.1_procDEFAULT,20,single,200,defxdef,1120x800,0.12,0.1,,,,5,11,0,0.0,0,0,11,correct
2026-09-19T15:19:33,p21_tiled_dpi200_box0.08_txt0.1_tile2800_ov0.2_nms0.45_procDEFAULT,21,tiled,200,defxdef,800x800,0.08,0.1,2800.0,0.2,0.45,7,61,7,1.0,5,4,52,wrong
2026-09-19T15:19:37,p21_tiled_dpi200_box0.12_txt0.1_tile2800_ov0.2_nms0.45_procDEFAULT,21,tiled,200,defxdef,800x800,0.12,0.1,2800.0,0.2,0.45,7,40,7,1.0,1,4,35,wrong
2026-09-19T15:19:38,p21_single_dpi200_box0.08_txt0.1_procDEFAULT,21,single,200,defxdef,1120x800,0.08,0.1,,,,7,22,4,0.571,0,2,20,wrong
2026-09-19T15:19:39,p21_single_dpi200_box0.12_txt0.1_procDEFAULT,21,single,200,defxdef,1120x800,0.12,0.1,,,,7,13,0,0.0,0,0,13,correct
2026-09-19T15:19:58,p22_tiled_dpi200_box0.08_txt0.1_tile2800_ov0.2_nms0.45_procDEFAULT,22,tiled,200,defxdef,800x800,0.08,0.1,2800.0,0.2,0.45,6,41,6,1.0,4,4,33,wrong
2026-09-19T15:19:59,p22_tiled_dpi200_box0.12_txt0.1_tile2800_ov0.2_nms0.45_procDEFAULT,22,tiled,200,defxdef,800x800,0.12,0.1,2800.0,0.2,0.45,6,31,6,1.0,1,3,27,wrong
2026-09-19T15:21:31,p22_single_dpi200_box0.08_txt0.1_procDEFAULT,22,single,200,defxdef,1120x800,0.08,0.1,,,,6,12,2,0.333,0,1,11,wrong
2026-09-19T15:21:33,p23_tiled_dpi200_box0.08_txt0.1_tile2800_ov0.2_nms0.45_procDEFAULT,23,tiled,200,defxdef,800x800,0.08,0.1,2800.0,0.2,0.45,6,39,6,1.0,2,4,33,wrong
2026-09-19T15:21:36,p23_tiled_dpi200_box0.12_txt0.1_tile2800_ov0.2_nms0.45_procDEFAULT,23,tiled,200,defxdef,800x800,0.12,0.1,2800.0,0.2,0.45,6,33,6,1.0,2,4,27,wrong
2026-09-19T15:21:44,p22_single_dpi200_box0.12_txt0.1_procDEFAULT,22,single,200,defxdef,1120x800,0.12,0.1,,,,6,11,0,0.0,0,0,11,wrong
2026-09-19T15:23:05,p23_single_dpi200_box0.12_txt0.1_procDEFAULT,23,single,200,defxdef,1120x800,0.12,0.1,,,,6,9,0,0.0,0,0,9,correct
2026-09-19T15:23:07,p23_single_dpi200_box0.08_txt0.1_procDEFAULT,23,single,200,defxdef,1120x800,0.08,0.1,,,,6,14,2,0.333,0,1,13,correct
2026-09-19T15:23:08,p24_tiled_dpi200_box0.08_txt0.1_tile2800_ov0.2_nms0.45_procDEFAULT,24,tiled,200,defxdef,800x800,0.08,0.1,2800.0,0.2,0.45,5,48,5,1.0,3,3,42,wrong
2026-09-19T15:23:10,p24_tiled_dpi200_box0.12_txt0.1_tile2800_ov0.2_nms0.45_procDEFAULT,24,tiled,200,defxdef,800x800,0.12,0.1,2800.0,0.2,0.45,5,36,5,1.0,2,3,31,wrong
2026-09-19T15:23:13,p24_single_dpi200_box0.08_txt0.1_procDEFAULT,24,single,200,defxdef,1120x800,0.08,0.1,,,,5,21,0,0.0,0,0,21,wrong
2026-09-19T15:28:28,p24_single_dpi200_box0.12_txt0.1_procDEFAULT,24,single,200,defxdef,1120x800,0.12,0.1,,,,5,12,0,0.0,0,0,12,wrong
2026-09-19T15:28:29,p25_tiled_dpi200_box0.08_txt0.1_tile2800_ov0.2_nms0.45_procDEFAULT,25,tiled,200,defxdef,800x800,0.08,0.1,2800.0,0.2,0.45,6,45,6,1.0,3,3,39,wrong
2026-09-19T15:28:31,p25_tiled_dpi200_box0.12_txt0.1_tile2800_ov0.2_nms0.45_procDEFAULT,25,tiled,200,defxdef,800x800,0.12,0.1,2800.0,0.2,0.45,6,38,6,1.0,2,3,33,wrong
2026-09-19T15:28:43,p25_single_dpi200_box0.08_txt0.1_procDEFAULT,25,single,200,defxdef,1120x800,0.08,0.1,,,,6,24,2,0.333,0,1,23,wrong
2026-09-19T15:28:43,p25_single_dpi200_box0.12_txt0.1_procDEFAULT,25,single,200,defxdef,1120x800,0.12,0.1,,,,6,12,0,0.0,0,0,12,correct
2026-09-19T15:28:45,p26_tiled_dpi200_box0.08_txt0.1_tile2800_ov0.2_nms0.45_procDEFAULT,26,tiled,200,defxdef,800x800,0.08,0.1,2800.0,0.2,0.45,6,42,6,1.0,3,4,35,wrong
2026-09-19T15:28:50,p26_tiled_dpi200_box0.12_txt0.1_tile2800_ov0.2_nms0.45_procDEFAULT,26,tiled,200,defxdef,800x800,0.12,0.1,2800.0,0.2,0.45,6,32,6,1.0,1,4,27,wrong
2026-09-19T15:30:19,p26_single_dpi200_box0.08_txt0.1_procDEFAULT,26,single,200,defxdef,1120x800,0.08,0.1,,,,6,18,2,0.333,0,1,17,wrong
2026-09-19T15:30:19,p26_single_dpi200_box0.12_txt0.1_procDEFAULT,26,single,200,defxdef,1120x800,0.12,0.1,,,,6,9,0,0.0,0,0,9,correct
2026-09-19T15:30:22,p27_tiled_dpi200_box0.08_txt0.1_tile2800_ov0.2_nms0.45_procDEFAULT,27,tiled,200,defxdef,800x800,0.08,0.1,2800.0,0.2,0.45,6,46,6,1.0,0,6,40,wrong
2026-09-19T15:30:24,p27_tiled_dpi200_box0.12_txt0.1_tile2800_ov0.2_nms0.45_procDEFAULT,27,tiled,200,defxdef,800x800,0.12,0.1,2800.0,0.2,0.45,6,35,6,1.0,0,4,31,wrong
2026-09-19T15:30:27,p27_single_dpi200_box0.08_txt0.1_procDEFAULT,27,single,200,defxdef,1120x800,0.08,0.1,,,,6,18,2,0.333,0,1,17,wrong
2026-09-19T15:30:28,p27_single_dpi200_box0.12_txt0.1_procDEFAULT,27,single,200,defxdef,1120x800,0.12,0.1,,,,6,10,0,0.0,0,0,10,correct
2026-09-19T15:30:32,p28_tiled_dpi200_box0.08_txt0.1_tile2800_ov0.2_nms0.45_procDEFAULT,28,tiled,200,defxdef,800x800,0.08,0.1,2800.0,0.2,0.45,6,41,6,1.0,3,4,34,wrong
2026-09-19T15:30:33,p28_tiled_dpi200_box0.12_txt0.1_tile2800_ov0.2_nms0.45_procDEFAULT,28,tiled,200,defxdef,800x800,0.12,0.1,2800.0,0.2,0.45,6,35,6,1.0,2,4,29,wrong
2026-09-19T15:30:36,p28_single_dpi200_box0.08_txt0.1_procDEFAULT,28,single,200,defxdef,1120x800,0.08,0.1,,,,6,14,6,1.0,0,2,12,wrong
2026-09-19T15:31:29,p28_single_dpi200_box0.12_txt0.1_procDEFAULT,28,single,200,defxdef,1120x800,0.12,0.1,,,,6,10,0,0.0,0,0,10,correct
2026-09-19T15:31:37,p29_tiled_dpi200_box0.08_txt0.1_tile2800_ov0.2_nms0.45_procDEFAULT,29,tiled,200,defxdef,800x800,0.08,0.1,2800.0,0.2,0.45,5,44,5,1.0,5,3,36,wrong
2026-09-19T15:31:40,p29_single_dpi200_box0.08_txt0.1_procDEFAULT,29,single,200,defxdef,1120x800,0.08,0.1,,,,5,22,2,0.4,0,1,21,wrong
2026-09-19T15:31:43,p29_single_dpi200_box0.12_txt0.1_procDEFAULT,29,single,200,defxdef,1120x800,0.12,0.1,,,,5,12,0,0.0,0,0,12,wrong
2026-09-19T15:34:39,p30_tiled_dpi200_box0.08_txt0.1_tile2800_ov0.2_nms0.45_procDEFAULT,30,tiled,200,defxdef,800x800,0.08,0.1,2800.0,0.2,0.45,10,47,10,1.0,9,3,35,wrong
2026-09-19T15:34:40,p30_tiled_dpi200_box0.12_txt0.1_tile2800_ov0.2_nms0.45_procDEFAULT,30,tiled,200,defxdef,800x800,0.12,0.1,2800.0,0.2,0.45,10,38,10,1.0,7,3,28,correct
2026-09-19T15:34:41,p30_single_dpi200_box0.08_txt0.1_procDEFAULT,30,single,200,defxdef,1120x800,0.08,0.1,,,,10,18,2,0.2,2,0,16,correct
2026-09-19T15:34:45,p30_single_dpi200_box0.12_txt0.1_procDEFAULT,30,single,200,defxdef,1120x800,0.12,0.1,,,,10,9,0,0.0,0,0,9,wrong
2026-09-19T15:36:35,p31_single_dpi200_box0.08_txt0.1_procDEFAULT,31,single,200,defxdef,1120x800,0.08,0.1,,,,7,23,0,0.0,0,0,23,wrong
2026-09-19T15:36:39,p31_tiled_dpi200_box0.12_txt0.1_tile2800_ov0.2_nms0.45_procDEFAULT,31,tiled,200,defxdef,800x800,0.12,0.1,2800.0,0.2,0.45,7,36,7,1.0,6,2,28,correct
2026-09-19T15:36:45,p31_tiled_dpi200_box0.08_txt0.1_tile2800_ov0.2_nms0.45_procDEFAULT,31,tiled,200,defxdef,800x800,0.08,0.1,2800.0,0.2,0.45,7,45,7,1.0,6,3,36,correct
2026-09-19T15:36:50,p31_single_dpi200_box0.12_txt0.1_procDEFAULT,31,single,200,defxdef,1120x800,0.12,0.1,,,,7,15,0,0.0,0,0,15,wrong
2026-09-19T15:37:19,p32_tiled_dpi200_box0.08_txt0.1_tile2800_ov0.2_nms0.45_procDEFAULT,32,tiled,200,defxdef,800x800,0.08,0.1,2800.0,0.2,0.45,26,49,26,1.0,8,6,35,correct
2026-09-19T15:37:20,p32_tiled_dpi200_box0.12_txt0.1_tile2800_ov0.2_nms0.45_procDEFAULT,32,tiled,200,defxdef,800x800,0.12,0.1,2800.0,0.2,0.45,26,38,26,1.0,3,6,29,correct
2026-09-19T15:37:21,p32_single_dpi200_box0.08_txt0.1_procDEFAULT,32,single,200,defxdef,1120x800,0.08,0.1,,,,26,11,1,0.038,1,0,10,wrong
2026-09-19T15:37:28,p32_single_dpi200_box0.12_txt0.1_procDEFAULT,32,single,200,defxdef,1120x800,0.12,0.1,,,,26,1,0,0.0,0,0,1,wrong
2026-09-19T15:50:31,p33_tiled_dpi200_box0.08_txt0.1_tile2800_ov0.2_nms0.45_procDEFAULT,33,tiled,200,defxdef,800x800,0.08,0.1,2800.0,0.2,0.45,5,49,5,1.0,5,2,42,wrong
2026-09-19T15:50:31,p33_tiled_dpi200_box0.12_txt0.1_tile2800_ov0.2_nms0.45_procDEFAULT,33,tiled,200,defxdef,800x800,0.12,0.1,2800.0,0.2,0.45,5,32,5,1.0,5,2,25,wrong
2026-09-19T15:50:32,p33_single_dpi200_box0.08_txt0.1_procDEFAULT,33,single,200,defxdef,1120x800,0.08,0.1,,,,5,21,1,0.2,1,0,20,correct
2026-09-19T15:50:36,p33_single_dpi200_box0.12_txt0.1_procDEFAULT,33,single,200,defxdef,1120x800,0.12,0.1,,,,5,13,0,0.0,0,0,13,correct
2026-09-19T15:50:39,p34_tiled_dpi200_box0.08_txt0.1_tile2800_ov0.2_nms0.45_procDEFAULT,34,tiled,200,defxdef,800x800,0.08,0.1,2800.0,0.2,0.45,24,53,24,1.0,9,6,38,correct
2026-09-19T15:50:46,p34_tiled_dpi200_box0.12_txt0.1_tile2800_ov0.2_nms0.45_procDEFAULT,34,tiled,200,defxdef,800x800,0.12,0.1,2800.0,0.2,0.45,24,42,24,1.0,4,5,33,correct
2026-09-19T15:50:49,p34_single_dpi200_box0.08_txt0.1_procDEFAULT,34,single,200,defxdef,1120x800,0.08,0.1,,,,24,11,0,0.0,0,0,11,wrong
2026-09-19T15:50:50,p34_single_dpi200_box0.12_txt0.1_procDEFAULT,34,single,200,defxdef,1120x800,0.12,0.1,,,,24,5,0,0.0,0,0,5,wrong
2026-09-19T15:50:54,p35_tiled_dpi200_box0.08_txt0.1_tile2800_ov0.2_nms0.45_procDEFAULT,35,tiled,200,defxdef,800x800,0.08,0.1,2800.0,0.2,0.45,15,50,15,1.0,4,5,41,correct
2026-09-19T15:50:57,p35_tiled_dpi200_box0.12_txt0.1_tile2800_ov0.2_nms0.45_procDEFAULT,35,tiled,200,defxdef,800x800,0.12,0.1,2800.0,0.2,0.45,15,41,15,1.0,3,5,33,correct
2026-09-19T15:50:58,p35_single_dpi200_box0.08_txt0.1_procDEFAULT,35,single,200,defxdef,1120x800,0.08,0.1,,,,15,17,3,0.2,2,1,14,wrong
2026-09-19T15:50:59,p35_single_dpi200_box0.12_txt0.1_procDEFAULT,35,single,200,defxdef,1120x800,0.12,0.1,,,,15,10,1,0.067,2,0,8,wrong
2026-09-19T15:51:12,p36_tiled_dpi200_box0.08_txt0.1_tile2800_ov0.2_nms0.45_procDEFAULT,36,tiled,200,defxdef,800x800,0.08,0.1,2800.0,0.2,0.45,16,49,16,1.0,5,5,39,correct
2026-09-19T15:51:16,p36_tiled_dpi200_box0.12_txt0.1_tile2800_ov0.2_nms0.45_procDEFAULT,36,tiled,200,defxdef,800x800,0.12,0.1,2800.0,0.2,0.45,16,38,16,1.0,2,4,32,correct
2026-09-19T15:51:17,p36_single_dpi200_box0.08_txt0.1_procDEFAULT,36,single,200,defxdef,1120x800,0.08,0.1,,,,16,20,0,0.0,0,0,20,wrong
2026-09-19T15:51:19,p36_single_dpi200_box0.12_txt0.1_procDEFAULT,36,single,200,defxdef,1120x800,0.12,0.1,,,,16,10,0,0.0,0,0,10,wrong
2026-09-19T15:51:22,p37_tiled_dpi200_box0.08_txt0.1_tile2800_ov0.2_nms0.45_procDEFAULT,37,tiled,200,defxdef,800x800,0.08,0.1,2800.0,0.2,0.45,19,48,19,1.0,7,9,32,correct
2026-09-19T15:51:23,p37_tiled_dpi200_box0.12_txt0.1_tile2800_ov0.2_nms0.45_procDEFAULT,37,tiled,200,defxdef,800x800,0.12,0.1,2800.0,0.2,0.45,19,40,19,1.0,4,7,29,correct
2026-09-19T15:51:26,p37_single_dpi200_box0.08_txt0.1_procDEFAULT,37,single,200,defxdef,1120x800,0.08,0.1,,,,19,16,9,0.474,0,2,14,wrong
2026-09-19T15:51:27,p37_single_dpi200_box0.12_txt0.1_procDEFAULT,37,single,200,defxdef,1120x800,0.12,0.1,,,,19,7,4,0.211,0,1,6,wrong
2026-09-19T15:51:31,p38_tiled_dpi200_box0.08_txt0.1_tile2800_ov0.2_nms0.45_procDEFAULT,38,tiled,200,defxdef,800x800,0.08,0.1,2800.0,0.2,0.45,14,47,14,1.0,9,6,32,correct
2026-09-19T15:51:33,p38_tiled_dpi200_box0.12_txt0.1_tile2800_ov0.2_nms0.45_procDEFAULT,38,tiled,200,defxdef,800x800,0.12,0.1,2800.0,0.2,0.45,14,32,14,1.0,5,4,23,correct
2026-09-19T15:51:37,p38_single_dpi200_box0.08_txt0.1_procDEFAULT,38,single,200,defxdef,1120x800,0.08,0.1,,,,14,18,3,0.214,5,1,12,wrong
2026-09-19T15:51:38,p38_single_dpi200_box0.12_txt0.1_procDEFAULT,38,single,200,defxdef,1120x800,0.12,0.1,,,,14,7,3,0.214,2,1,4,wrong
2026-09-19T15:51:42,p39_tiled_dpi200_box0.08_txt0.1_tile2800_ov0.2_nms0.45_procDEFAULT,39,tiled,200,defxdef,800x800,0.08,0.1,2800.0,0.2,0.45,16,47,16,1.0,6,7,34,correct
2026-09-19T15:51:44,p39_tiled_dpi200_box0.12_txt0.1_tile2800_ov0.2_nms0.45_procDEFAULT,39,tiled,200,defxdef,800x800,0.12,0.1,2800.0,0.2,0.45,16,36,16,1.0,4,5,27,correct
2026-09-19T15:51:45,p39_single_dpi200_box0.08_txt0.1_procDEFAULT,39,single,200,defxdef,1120x800,0.08,0.1,,,,16,16,1,0.062,1,0,15,wrong
2026-09-19T15:52:38,p39_single_dpi200_box0.12_txt0.1_procDEFAULT,39,single,200,defxdef,1120x800,0.12,0.1,,,,16,8,0,0.0,0,0,8,wrong
2026-09-19T15:52:55,p40_tiled_dpi200_box0.08_txt0.1_tile2800_ov0.2_nms0.45_procDEFAULT,40,tiled,200,defxdef,800x800,0.08,0.1,2800.0,0.2,0.45,19,45,19,1.0,7,7,31,correct
2026-09-19T15:52:56,p40_tiled_dpi200_box0.12_txt0.1_tile2800_ov0.2_nms0.45_procDEFAULT,40,tiled,200,defxdef,800x800,0.12,0.1,2800.0,0.2,0.45,19,40,19,1.0,6,5,29,wrong
2026-09-19T15:52:57,p40_single_dpi200_box0.08_txt0.1_procDEFAULT,40,single,200,defxdef,1120x800,0.08,0.1,,,,19,14,16,0.842,0,3,11,wrong
2026-09-19T15:53:02,p40_single_dpi200_box0.12_txt0.1_procDEFAULT,40,single,200,defxdef,1120x800,0.12,0.1,,,,19,7,0,0.0,0,0,7,wrong
2026-09-19T15:55:20,p41_tiled_dpi200_box0.08_txt0.1_tile2800_ov0.2_nms0.45_procDEFAULT,41,tiled,200,defxdef,800x800,0.08,0.1,2800.0,0.2,0.45,3,48,3,1.0,7,0,41,wrong
2026-09-19T15:55:20,p41_tiled_dpi200_box0.12_txt0.1_tile2800_ov0.2_nms0.45_procDEFAULT,41,tiled,200,defxdef,800x800,0.12,0.1,2800.0,0.2,0.45,3,39,3,1.0,5,0,34,wrong
2026-09-19T15:55:28,p41_single_dpi200_box0.08_txt0.1_procDEFAULT,41,single,200,defxdef,1120x800,0.08,0.1,,,,3,16,1,0.333,1,0,15,wrong
2026-09-19T15:55:31,p41_single_dpi200_box0.12_txt0.1_procDEFAULT,41,single,200,defxdef,1120x800,0.12,0.1,,,,3,12,0,0.0,0,0,12,correct
2026-09-19T15:56:30,p42_tiled_dpi200_box0.08_txt0.1_tile2800_ov0.2_nms0.45_procDEFAULT,42,tiled,200,defxdef,800x800,0.08,0.1,2800.0,0.2,0.45,3,49,3,1.0,6,0,43,wrong
2026-09-19T15:56:31,p42_tiled_dpi200_box0.12_txt0.1_tile2800_ov0.2_nms0.45_procDEFAULT,42,tiled,200,defxdef,800x800,0.12,0.1,2800.0,0.2,0.45,3,35,3,1.0,4,0,31,wrong
2026-09-19T15:57:39,p42_single_dpi200_box0.08_txt0.1_procDEFAULT,42,single,200,defxdef,1120x800,0.08,0.1,,,,3,22,1,0.333,2,0,20,correct
2026-09-19T15:57:41,p42_single_dpi200_box0.12_txt0.1_procDEFAULT,42,single,200,defxdef,1120x800,0.12,0.1,,,,3,16,1,0.333,1,0,15,correct
2026-09-19T16:01:07,p43_tiled_dpi200_box0.08_txt0.1_tile2800_ov0.2_nms0.45_procDEFAULT,43,tiled,200,defxdef,800x800,0.08,0.1,2800.0,0.2,0.45,6,50,6,1.0,5,2,43,wrong
2026-09-19T16:01:09,p43_tiled_dpi200_box0.12_txt0.1_tile2800_ov0.2_nms0.45_procDEFAULT,43,tiled,200,defxdef,800x800,0.12,0.1,2800.0,0.2,0.45,6,39,6,1.0,2,2,35,wrong
2026-09-19T16:01:10,p43_single_dpi200_box0.08_txt0.1_procDEFAULT,43,single,200,defxdef,1120x800,0.08,0.1,,,,6,13,0,0.0,0,0,13,correct
2026-09-19T16:02:10,p43_single_dpi200_box0.12_txt0.1_procDEFAULT,43,single,200,defxdef,1120x800,0.12,0.1,,,,6,4,0,0.0,0,0,4,correct
2026-09-19T16:02:13,p44_tiled_dpi200_box0.08_txt0.1_tile2800_ov0.2_nms0.45_procDEFAULT,44,tiled,200,defxdef,800x800,0.08,0.1,2800.0,0.2,0.45,9,46,9,1.0,2,7,37,correct
2026-09-19T16:02:16,p44_tiled_dpi200_box0.12_txt0.1_tile2800_ov0.2_nms0.45_procDEFAULT,44,tiled,200,defxdef,800x800,0.12,0.1,2800.0,0.2,0.45,9,34,9,1.0,2,6,26,correct
2026-09-19T16:03:14,p44_single_dpi200_box0.08_txt0.1_procDEFAULT,44,single,200,defxdef,1120x800,0.08,0.1,,,,9,23,0,0.0,0,0,23,correct
