page,mode,dpi,proc,input_px,box_thr,text_thr,tile,overlap,nms_iou,tiles,raw,kept,anchors,hit,recall,clusters,clean,merged,spurious,mean_score,sec,postproc,err,overlay,tag,human_label,human_correct
1,tiled,300,defxdef,800x800,0.08,0.1,2800.0,0.2,0.45,6,72,10,0,0,,10,0,0,10,0.155,6.7,grounded,,dino_lab_runs\20260920_124756\p1_tiled_dpi300_box0.08_txt0.1_tile2800_ov0.2_nms0.45_procDEFAULT.jpg,p1_tiled_dpi300_box0.08_txt0.1_tile2800_ov0.2_nms0.45_procDEFAULT,unlabeled,
1,tiled,300,defxdef,800x800,0.12,0.1,2800.0,0.2,0.45,6,28,6,0,0,,6,0,0,6,0.191,12.4,grounded,,dino_lab_runs\20260920_124756\p1_tiled_dpi300_box0.12_txt0.1_tile2800_ov0.2_nms0.45_procDEFAULT.jpg,p1_tiled_dpi300_box0.12_txt0.1_tile2800_ov0.2_nms0.45_procDEFAULT,unlabeled,
1,single,300,defxdef,1236x800,0.08,0.1,,,,1,14,12,0,0,,12,0,0,12,0.129,2.5,grounded,,dino_lab_runs\20260920_124756\p1_single_dpi300_box0.08_txt0.1_procDEFAULT.jpg,p1_single_dpi300_box0.08_txt0.1_procDEFAULT,unlabeled,
1,single,300,defxdef,1236x800,0.12,0.1,,,,1,5,4,0,0,,4,0,0,4,0.196,1.4,grounded,,dino_lab_runs\20260920_124756\p1_single_dpi300_box0.12_txt0.1_procDEFAULT.jpg,p1_single_dpi300_box0.12_txt0.1_procDEFAULT,unlabeled,
2,tiled,300,defxdef,800x800,0.08,0.1,2800.0,0.2,0.45,6,65,7,0,0,,7,0,0,7,0.162,13.0,grounded,,dino_lab_runs\20260920_124756\p2_tiled_dpi300_box0.08_txt0.1_tile2800_ov0.2_nms0.45_procDEFAULT.jpg,p2_tiled_dpi300_box0.08_txt0.1_tile2800_ov0.2_nms0.45_procDEFAULT,unlabeled,
2,tiled,300,defxdef,800x800,0.12,0.1,2800.0,0.2,0.45,6,31,5,0,0,,5,0,0,5,0.171,5.4,grounded,,dino_lab_runs\20260920_124756\p2_tiled_dpi300_box0.12_txt0.1_tile2800_ov0.2_nms0.45_procDEFAULT.jpg,p2_tiled_dpi300_box0.12_txt0.1_tile2800_ov0.2_nms0.45_procDEFAULT,unlabeled,
2,single,300,defxdef,1236x800,0.08,0.1,,,,1,10,5,0,0,,5,0,0,5,0.093,1.9,grounded,,dino_lab_runs\20260920_124756\p2_single_dpi300_box0.08_txt0.1_procDEFAULT.jpg,p2_single_dpi300_box0.08_txt0.1_procDEFAULT,unlabeled,
2,single,300,defxdef,1236x800,0.12,0.1,,,,1,4,0,0,0,,0,0,0,0,,2.0,grounded,,dino_lab_runs\20260920_124756\p2_single_dpi300_box0.12_txt0.1_procDEFAULT.jpg,p2_single_dpi300_box0.12_txt0.1_procDEFAULT,unlabeled,
3,tiled,300,defxdef,800x800,0.08,0.1,2800.0,0.2,0.45,6,94,10,0,0,,10,0,0,10,0.142,5.1,grounded,,dino_lab_runs\20260920_124756\p3_tiled_dpi300_box0.08_txt0.1_tile2800_ov0.2_nms0.45_procDEFAULT.jpg,p3_tiled_dpi300_box0.08_txt0.1_tile2800_ov0.2_nms0.45_procDEFAULT,unlabeled,
3,tiled,300,defxdef,800x800,0.12,0.1,2800.0,0.2,0.45,6,40,5,0,0,,5,0,0,5,0.177,11.4,grounded,,dino_lab_runs\20260920_124756\p3_tiled_dpi300_box0.12_txt0.1_tile2800_ov0.2_nms0.45_procDEFAULT.jpg,p3_tiled_dpi300_box0.12_txt0.1_tile2800_ov0.2_nms0.45_procDEFAULT,unlabeled,
3,single,300,defxdef,1236x800,0.08,0.1,,,,1,15,11,0,0,,11,0,0,11,0.148,1.7,grounded,,dino_lab_runs\20260920_124756\p3_single_dpi300_box0.08_txt0.1_procDEFAULT.jpg,p3_single_dpi300_box0.08_txt0.1_procDEFAULT,unlabeled,
3,single,300,defxdef,1236x800,0.12,0.1,,,,1,6,5,0,0,,5,0,0,5,0.207,1.7,grounded,,dino_lab_runs\20260920_124756\p3_single_dpi300_box0.12_txt0.1_procDEFAULT.jpg,p3_single_dpi300_box0.12_txt0.1_procDEFAULT,unlabeled,
4,tiled,300,defxdef,800x800,0.08,0.1,2800.0,0.2,0.45,6,104,9,0,0,,9,0,0,9,0.196,5.7,grounded,,dino_lab_runs\20260920_124756\p4_tiled_dpi300_box0.08_txt0.1_tile2800_ov0.2_nms0.45_procDEFAULT.jpg,p4_tiled_dpi300_box0.08_txt0.1_tile2800_ov0.2_nms0.45_procDEFAULT,unlabeled,
4,tiled,300,defxdef,800x800,0.12,0.1,2800.0,0.2,0.45,6,49,7,0,0,,7,0,0,7,0.224,10.8,grounded,,dino_lab_runs\20260920_124756\p4_tiled_dpi300_box0.12_txt0.1_tile2800_ov0.2_nms0.45_procDEFAULT.jpg,p4_tiled_dpi300_box0.12_txt0.1_tile2800_ov0.2_nms0.45_procDEFAULT,unlabeled,
4,single,300,defxdef,1236x800,0.08,0.1,,,,1,20,16,0,0,,16,0,0,16,0.133,2.4,grounded,,dino_lab_runs\20260920_124756\p4_single_dpi300_box0.08_txt0.1_procDEFAULT.jpg,p4_single_dpi300_box0.08_txt0.1_procDEFAULT,unlabeled,
4,single,300,defxdef,1236x800,0.12,0.1,,,,1,6,5,0,0,,5,0,0,5,0.215,1.3,grounded,,dino_lab_runs\20260920_124756\p4_single_dpi300_box0.12_txt0.1_procDEFAULT.jpg,p4_single_dpi300_box0.12_txt0.1_procDEFAULT,unlabeled,
5,tiled,300,defxdef,800x800,0.08,0.1,2800.0,0.2,0.45,6,107,12,0,0,,12,0,0,12,0.165,11.3,grounded,,dino_lab_runs\20260920_124756\p5_tiled_dpi300_box0.08_txt0.1_tile2800_ov0.2_nms0.45_procDEFAULT.jpg,p5_tiled_dpi300_box0.08_txt0.1_tile2800_ov0.2_nms0.45_procDEFAULT,unlabeled,
5,tiled,300,defxdef,800x800,0.12,0.1,2800.0,0.2,0.45,6,62,9,0,0,,9,0,0,9,0.17,9.0,grounded,,dino_lab_runs\20260920_124756\p5_tiled_dpi300_box0.12_txt0.1_tile2800_ov0.2_nms0.45_procDEFAULT.jpg,p5_tiled_dpi300_box0.12_txt0.1_tile2800_ov0.2_nms0.45_procDEFAULT,unlabeled,
5,single,300,defxdef,1236x800,0.08,0.1,,,,1,15,11,0,0,,11,0,0,11,0.133,1.8,grounded,,dino_lab_runs\20260920_124756\p5_single_dpi300_box0.08_txt0.1_procDEFAULT.jpg,p5_single_dpi300_box0.08_txt0.1_procDEFAULT,unlabeled,
5,single,300,defxdef,1236x800,0.12,0.1,,,,1,4,3,0,0,,3,0,0,3,0.22,1.3,grounded,,dino_lab_runs\20260920_124756\p5_single_dpi300_box0.12_txt0.1_procDEFAULT.jpg,p5_single_dpi300_box0.12_txt0.1_procDEFAULT,unlabeled,
6,tiled,300,defxdef,800x800,0.08,0.1,2800.0,0.2,0.45,6,113,12,1,0,0.0,12,0,0,12,0.148,9.3,grounded,,dino_lab_runs\20260920_124756\p6_tiled_dpi300_box0.08_txt0.1_tile2800_ov0.2_nms0.45_procDEFAULT.jpg,p6_tiled_dpi300_box0.08_txt0.1_tile2800_ov0.2_nms0.45_procDEFAULT,correct,1.0
6,tiled,300,defxdef,800x800,0.12,0.1,2800.0,0.2,0.45,6,48,6,1,0,0.0,6,0,0,6,0.185,6.6,grounded,,dino_lab_runs\20260920_124756\p6_tiled_dpi300_box0.12_txt0.1_tile2800_ov0.2_nms0.45_procDEFAULT.jpg,p6_tiled_dpi300_box0.12_txt0.1_tile2800_ov0.2_nms0.45_procDEFAULT,wrong,0.0
6,single,300,defxdef,1236x800,0.08,0.1,,,,1,14,8,1,0,0.0,8,0,0,8,0.092,1.3,grounded,,dino_lab_runs\20260920_124756\p6_single_dpi300_box0.08_txt0.1_procDEFAULT.jpg,p6_single_dpi300_box0.08_txt0.1_procDEFAULT,wrong,0.0
6,single,300,defxdef,1236x800,0.12,0.1,,,,1,4,0,1,0,0.0,0,0,0,0,,1.6,grounded,,dino_lab_runs\20260920_124756\p6_single_dpi300_box0.12_txt0.1_procDEFAULT.jpg,p6_single_dpi300_box0.12_txt0.1_procDEFAULT,wrong,0.0
7,tiled,300,defxdef,800x800,0.08,0.1,2800.0,0.2,0.45,6,133,20,3,3,1.0,20,4,0,16,0.174,9.1,grounded,,dino_lab_runs\20260920_124756\p7_tiled_dpi300_box0.08_txt0.1_tile2800_ov0.2_nms0.45_procDEFAULT.jpg,p7_tiled_dpi300_box0.08_txt0.1_tile2800_ov0.2_nms0.45_procDEFAULT,wrong,0.0
7,tiled,300,defxdef,800x800,0.12,0.1,2800.0,0.2,0.45,6,78,14,3,3,1.0,14,4,0,10,0.204,10.6,grounded,,dino_lab_runs\20260920_124756\p7_tiled_dpi300_box0.12_txt0.1_tile2800_ov0.2_nms0.45_procDEFAULT.jpg,p7_tiled_dpi300_box0.12_txt0.1_tile2800_ov0.2_nms0.45_procDEFAULT,wrong,0.0
7,single,300,defxdef,1236x800,0.08,0.1,,,,1,23,21,3,3,1.0,21,6,0,15,0.151,1.4,grounded,,dino_lab_runs\20260920_124756\p7_single_dpi300_box0.08_txt0.1_procDEFAULT.jpg,p7_single_dpi300_box0.08_txt0.1_procDEFAULT,correct,1.0
7,single,300,defxdef,1236x800,0.12,0.1,,,,1,14,13,3,1,0.333,13,2,0,11,0.182,1.9,grounded,,dino_lab_runs\20260920_124756\p7_single_dpi300_box0.12_txt0.1_procDEFAULT.jpg,p7_single_dpi300_box0.12_txt0.1_procDEFAULT,correct,1.0
8,tiled,300,defxdef,800x800,0.08,0.1,2800.0,0.2,0.45,6,145,11,1,1,1.0,11,1,0,10,0.222,9.3,grounded,,dino_lab_runs\20260920_124756\p8_tiled_dpi300_box0.08_txt0.1_tile2800_ov0.2_nms0.45_procDEFAULT.jpg,p8_tiled_dpi300_box0.08_txt0.1_tile2800_ov0.2_nms0.45_procDEFAULT,wrong,0.0
8,tiled,300,defxdef,800x800,0.12,0.1,2800.0,0.2,0.45,6,82,9,1,1,1.0,9,1,0,8,0.248,10.3,grounded,,dino_lab_runs\20260920_124756\p8_tiled_dpi300_box0.12_txt0.1_tile2800_ov0.2_nms0.45_procDEFAULT.jpg,p8_tiled_dpi300_box0.12_txt0.1_tile2800_ov0.2_nms0.45_procDEFAULT,wrong,0.0
8,single,300,defxdef,1236x800,0.08,0.1,,,,1,22,16,1,1,1.0,16,1,0,15,0.184,1.4,grounded,,dino_lab_runs\20260920_124756\p8_single_dpi300_box0.08_txt0.1_procDEFAULT.jpg,p8_single_dpi300_box0.08_txt0.1_procDEFAULT,correct,1.0
8,single,300,defxdef,1236x800,0.12,0.1,,,,1,12,11,1,0,0.0,11,0,0,11,0.219,1.8,grounded,,dino_lab_runs\20260920_124756\p8_single_dpi300_box0.12_txt0.1_procDEFAULT.jpg,p8_single_dpi300_box0.12_txt0.1_procDEFAULT,correct,1.0
9,tiled,300,defxdef,800x800,0.08,0.1,2800.0,0.2,0.45,6,120,18,1,1,1.0,18,1,0,17,0.141,12.2,grounded,,dino_lab_runs\20260920_124756\p9_tiled_dpi300_box0.08_txt0.1_tile2800_ov0.2_nms0.45_procDEFAULT.jpg,p9_tiled_dpi300_box0.08_txt0.1_tile2800_ov0.2_nms0.45_procDEFAULT,wrong,0.0
9,tiled,300,defxdef,800x800,0.12,0.1,2800.0,0.2,0.45,6,49,4,1,0,0.0,4,0,0,4,0.242,11.0,grounded,,dino_lab_runs\20260920_124756\p9_tiled_dpi300_box0.12_txt0.1_tile2800_ov0.2_nms0.45_procDEFAULT.jpg,p9_tiled_dpi300_box0.12_txt0.1_tile2800_ov0.2_nms0.45_procDEFAULT,wrong,0.0
9,single,300,defxdef,1236x800,0.08,0.1,,,,1,17,13,1,0,0.0,13,0,0,13,0.16,2.6,grounded,,dino_lab_runs\20260920_124756\p9_single_dpi300_box0.08_txt0.1_procDEFAULT.jpg,p9_single_dpi300_box0.08_txt0.1_procDEFAULT,wrong,0.0
9,single,300,defxdef,1236x800,0.12,0.1,,,,1,11,10,1,0,0.0,10,0,0,10,0.179,2.8,grounded,,dino_lab_runs\20260920_124756\p9_single_dpi300_box0.12_txt0.1_procDEFAULT.jpg,p9_single_dpi300_box0.12_txt0.1_procDEFAULT,correct,1.0
10,tiled,300,defxdef,800x800,0.08,0.1,2800.0,0.2,0.45,6,144,18,2,1,0.5,18,3,0,15,0.193,13.2,grounded,,dino_lab_runs\20260920_124756\p10_tiled_dpi300_box0.08_txt0.1_tile2800_ov0.2_nms0.45_procDEFAULT.jpg,p10_tiled_dpi300_box0.08_txt0.1_tile2800_ov0.2_nms0.45_procDEFAULT,wrong,0.0
10,tiled,300,defxdef,800x800,0.12,0.1,2800.0,0.2,0.45,6,68,10,2,1,0.5,10,2,0,8,0.253,10.1,grounded,,dino_lab_runs\20260920_124756\p10_tiled_dpi300_box0.12_txt0.1_tile2800_ov0.2_nms0.45_procDEFAULT.jpg,p10_tiled_dpi300_box0.12_txt0.1_tile2800_ov0.2_nms0.45_procDEFAULT,wrong,0.0
10,single,300,defxdef,1236x800,0.08,0.1,,,,1,21,18,2,1,0.5,18,1,0,17,0.177,2.6,grounded,,dino_lab_runs\20260920_124756\p10_single_dpi300_box0.08_txt0.1_procDEFAULT.jpg,p10_single_dpi300_box0.08_txt0.1_procDEFAULT,correct,1.0
10,single,300,defxdef,1236x800,0.12,0.1,,,,1,13,12,2,0,0.0,12,0,0,12,0.221,2.8,grounded,,dino_lab_runs\20260920_124756\p10_single_dpi300_box0.12_txt0.1_procDEFAULT.jpg,p10_single_dpi300_box0.12_txt0.1_procDEFAULT,correct,1.0
11,tiled,300,defxdef,800x800,0.08,0.1,2800.0,0.2,0.45,6,134,17,2,2,1.0,17,2,0,15,0.173,13.0,grounded,,dino_lab_runs\20260920_124756\p11_tiled_dpi300_box0.08_txt0.1_tile2800_ov0.2_nms0.45_procDEFAULT.jpg,p11_tiled_dpi300_box0.08_txt0.1_tile2800_ov0.2_nms0.45_procDEFAULT,wrong,0.0
11,tiled,300,defxdef,800x800,0.12,0.1,2800.0,0.2,0.45,6,71,10,2,2,1.0,10,2,0,8,0.207,14.1,grounded,,dino_lab_runs\20260920_124756\p11_tiled_dpi300_box0.12_txt0.1_tile2800_ov0.2_nms0.45_procDEFAULT.jpg,p11_tiled_dpi300_box0.12_txt0.1_tile2800_ov0.2_nms0.45_procDEFAULT,wrong,0.0
11,single,300,defxdef,1236x800,0.08,0.1,,,,1,19,15,2,2,1.0,15,9,0,6,0.156,2.7,grounded,,dino_lab_runs\20260920_124756\p11_single_dpi300_box0.08_txt0.1_procDEFAULT.jpg,p11_single_dpi300_box0.08_txt0.1_procDEFAULT,wrong,0.0
11,single,300,defxdef,1236x800,0.12,0.1,,,,1,13,12,2,2,1.0,12,7,0,5,0.17,2.4,grounded,,dino_lab_runs\20260920_124756\p11_single_dpi300_box0.12_txt0.1_procDEFAULT.jpg,p11_single_dpi300_box0.12_txt0.1_procDEFAULT,correct,1.0
12,tiled,300,defxdef,800x800,0.08,0.1,2800.0,0.2,0.45,6,163,19,2,0,0.0,19,0,0,19,0.166,14.3,grounded,,dino_lab_runs\20260920_124756\p12_tiled_dpi300_box0.08_txt0.1_tile2800_ov0.2_nms0.45_procDEFAULT.jpg,p12_tiled_dpi300_box0.08_txt0.1_tile2800_ov0.2_nms0.45_procDEFAULT,wrong,0.0
12,tiled,300,defxdef,800x800,0.12,0.1,2800.0,0.2,0.45,6,83,10,2,0,0.0,10,0,0,10,0.223,14.0,grounded,,dino_lab_runs\20260920_124756\p12_tiled_dpi300_box0.12_txt0.1_tile2800_ov0.2_nms0.45_procDEFAULT.jpg,p12_tiled_dpi300_box0.12_txt0.1_tile2800_ov0.2_nms0.45_procDEFAULT,wrong,0.0
12,single,300,defxdef,1236x800,0.08,0.1,,,,1,24,21,2,0,0.0,21,0,0,21,0.164,3.0,grounded,,dino_lab_runs\20260920_124756\p12_single_dpi300_box0.08_txt0.1_procDEFAULT.jpg,p12_single_dpi300_box0.08_txt0.1_procDEFAULT,correct,1.0
12,single,300,defxdef,1236x800,0.12,0.1,,,,1,11,10,2,0,0.0,10,0,0,10,0.238,3.6,grounded,,dino_lab_runs\20260920_124756\p12_single_dpi300_box0.12_txt0.1_procDEFAULT.jpg,p12_single_dpi300_box0.12_txt0.1_procDEFAULT,correct,1.0
13,tiled,300,defxdef,800x800,0.08,0.1,2800.0,0.2,0.45,6,131,12,1,1,1.0,12,1,0,11,0.22,25.6,grounded,,dino_lab_runs\20260920_124756\p13_tiled_dpi300_box0.08_txt0.1_tile2800_ov0.2_nms0.45_procDEFAULT.jpg,p13_tiled_dpi300_box0.08_txt0.1_tile2800_ov0.2_nms0.45_procDEFAULT,wrong,0.0
13,tiled,300,defxdef,800x800,0.12,0.1,2800.0,0.2,0.45,6,81,9,1,0,0.0,9,0,0,9,0.268,7.4,grounded,,dino_lab_runs\20260920_124756\p13_tiled_dpi300_box0.12_txt0.1_tile2800_ov0.2_nms0.45_procDEFAULT.jpg,p13_tiled_dpi300_box0.12_txt0.1_tile2800_ov0.2_nms0.45_procDEFAULT,wrong,0.0
13,single,300,defxdef,1236x800,0.08,0.1,,,,1,25,19,1,0,0.0,19,0,0,19,0.176,1.0,grounded,,dino_lab_runs\20260920_124756\p13_single_dpi300_box0.08_txt0.1_procDEFAULT.jpg,p13_single_dpi300_box0.08_txt0.1_procDEFAULT,correct,1.0
13,single,300,defxdef,1236x800,0.12,0.1,,,,1,14,12,1,0,0.0,12,0,0,12,0.221,1.0,grounded,,dino_lab_runs\20260920_124756\p13_single_dpi300_box0.12_txt0.1_procDEFAULT.jpg,p13_single_dpi300_box0.12_txt0.1_procDEFAULT,correct,1.0
14,tiled,300,defxdef,800x800,0.08,0.1,2800.0,0.2,0.45,6,115,14,1,1,1.0,14,2,0,12,0.139,3.2,grounded,,dino_lab_runs\20260920_124756\p14_tiled_dpi300_box0.08_txt0.1_tile2800_ov0.2_nms0.45_procDEFAULT.jpg,p14_tiled_dpi300_box0.08_txt0.1_tile2800_ov0.2_nms0.45_procDEFAULT,wrong,0.0
14,tiled,300,defxdef,800x800,0.12,0.1,2800.0,0.2,0.45,6,53,8,1,1,1.0,8,1,0,7,0.17,3.2,grounded,,dino_lab_runs\20260920_124756\p14_tiled_dpi300_box0.12_txt0.1_tile2800_ov0.2_nms0.45_procDEFAULT.jpg,p14_tiled_dpi300_box0.12_txt0.1_tile2800_ov0.2_nms0.45_procDEFAULT,wrong,0.0
14,single,300,defxdef,1236x800,0.08,0.1,,,,1,16,11,1,1,1.0,11,4,0,7,0.168,1.0,grounded,,dino_lab_runs\20260920_124756\p14_single_dpi300_box0.08_txt0.1_procDEFAULT.jpg,p14_single_dpi300_box0.08_txt0.1_procDEFAULT,wrong,0.0
14,single,300,defxdef,1236x800,0.12,0.1,,,,1,6,5,1,1,1.0,5,3,0,2,0.257,1.0,grounded,,dino_lab_runs\20260920_124756\p14_single_dpi300_box0.12_txt0.1_procDEFAULT.jpg,p14_single_dpi300_box0.12_txt0.1_procDEFAULT,correct,1.0
15,tiled,300,defxdef,800x800,0.08,0.1,2800.0,0.2,0.45,6,99,12,1,0,0.0,12,0,0,12,0.185,3.4,grounded,,dino_lab_runs\20260920_124756\p15_tiled_dpi300_box0.08_txt0.1_tile2800_ov0.2_nms0.45_procDEFAULT.jpg,p15_tiled_dpi300_box0.08_txt0.1_tile2800_ov0.2_nms0.45_procDEFAULT,wrong,0.0
15,tiled,300,defxdef,800x800,0.12,0.1,2800.0,0.2,0.45,6,62,7,1,0,0.0,7,0,0,7,0.246,3.2,grounded,,dino_lab_runs\20260920_124756\p15_tiled_dpi300_box0.12_txt0.1_tile2800_ov0.2_nms0.45_procDEFAULT.jpg,p15_tiled_dpi300_box0.12_txt0.1_tile2800_ov0.2_nms0.45_procDEFAULT,wrong,0.0
15,single,300,defxdef,1236x800,0.08,0.1,,,,1,13,9,1,1,1.0,9,1,0,8,0.201,1.0,grounded,,dino_lab_runs\20260920_124756\p15_single_dpi300_box0.08_txt0.1_procDEFAULT.jpg,p15_single_dpi300_box0.08_txt0.1_procDEFAULT,correct,1.0
15,single,300,defxdef,1236x800,0.12,0.1,,,,1,6,5,1,1,1.0,5,1,0,4,0.284,1.0,grounded,,dino_lab_runs\20260920_124756\p15_single_dpi300_box0.12_txt0.1_procDEFAULT.jpg,p15_single_dpi300_box0.12_txt0.1_procDEFAULT,correct,1.0
16,tiled,300,defxdef,800x800,0.08,0.1,2800.0,0.2,0.45,6,157,20,2,0,0.0,20,0,0,20,0.184,3.3,grounded,,dino_lab_runs\20260920_124756\p16_tiled_dpi300_box0.08_txt0.1_tile2800_ov0.2_nms0.45_procDEFAULT.jpg,p16_tiled_dpi300_box0.08_txt0.1_tile2800_ov0.2_nms0.45_procDEFAULT,wrong,0.0
16,tiled,300,defxdef,800x800,0.12,0.1,2800.0,0.2,0.45,6,89,14,2,0,0.0,14,0,0,14,0.219,3.3,grounded,,dino_lab_runs\20260920_124756\p16_tiled_dpi300_box0.12_txt0.1_tile2800_ov0.2_nms0.45_procDEFAULT.jpg,p16_tiled_dpi300_box0.12_txt0.1_tile2800_ov0.2_nms0.45_procDEFAULT,wrong,0.0
16,single,300,defxdef,1236x800,0.08,0.1,,,,1,29,26,2,0,0.0,26,0,0,26,0.146,1.1,grounded,,dino_lab_runs\20260920_124756\p16_single_dpi300_box0.08_txt0.1_procDEFAULT.jpg,p16_single_dpi300_box0.08_txt0.1_procDEFAULT,correct,1.0
16,single,300,defxdef,1236x800,0.12,0.1,,,,1,12,10,2,0,0.0,10,0,0,10,0.222,0.9,grounded,,dino_lab_runs\20260920_124756\p16_single_dpi300_box0.12_txt0.1_procDEFAULT.jpg,p16_single_dpi300_box0.12_txt0.1_procDEFAULT,correct,1.0
17,tiled,300,defxdef,800x800,0.08,0.1,2800.0,0.2,0.45,6,132,14,2,0,0.0,14,0,0,14,0.193,2.7,grounded,,dino_lab_runs\20260920_124756\p17_tiled_dpi300_box0.08_txt0.1_tile2800_ov0.2_nms0.45_procDEFAULT.jpg,p17_tiled_dpi300_box0.08_txt0.1_tile2800_ov0.2_nms0.45_procDEFAULT,wrong,0.0
17,tiled,300,defxdef,800x800,0.12,0.1,2800.0,0.2,0.45,6,68,11,2,0,0.0,11,0,0,11,0.214,2.8,grounded,,dino_lab_runs\20260920_124756\p17_tiled_dpi300_box0.12_txt0.1_tile2800_ov0.2_nms0.45_procDEFAULT.jpg,p17_tiled_dpi300_box0.12_txt0.1_tile2800_ov0.2_nms0.45_procDEFAULT,wrong,0.0
17,single,300,defxdef,1236x800,0.08,0.1,,,,1,27,24,2,1,0.5,24,2,0,22,0.156,0.9,grounded,,dino_lab_runs\20260920_124756\p17_single_dpi300_box0.08_txt0.1_procDEFAULT.jpg,p17_single_dpi300_box0.08_txt0.1_procDEFAULT,wrong,0.0
17,single,300,defxdef,1236x800,0.12,0.1,,,,1,19,17,2,1,0.5,17,1,0,16,0.181,0.9,grounded,,dino_lab_runs\20260920_124756\p17_single_dpi300_box0.12_txt0.1_procDEFAULT.jpg,p17_single_dpi300_box0.12_txt0.1_procDEFAULT,correct,1.0
18,tiled,300,defxdef,800x800,0.08,0.1,2800.0,0.2,0.45,6,166,19,3,2,0.667,19,2,0,17,0.203,2.8,grounded,,dino_lab_runs\20260920_124756\p18_tiled_dpi300_box0.08_txt0.1_tile2800_ov0.2_nms0.45_procDEFAULT.jpg,p18_tiled_dpi300_box0.08_txt0.1_tile2800_ov0.2_nms0.45_procDEFAULT,wrong,0.0
18,tiled,300,defxdef,800x800,0.12,0.1,2800.0,0.2,0.45,6,87,14,3,1,0.333,14,1,0,13,0.238,2.9,grounded,,dino_lab_runs\20260920_124756\p18_tiled_dpi300_box0.12_txt0.1_tile2800_ov0.2_nms0.45_procDEFAULT.jpg,p18_tiled_dpi300_box0.12_txt0.1_tile2800_ov0.2_nms0.45_procDEFAULT,wrong,0.0
18,single,300,defxdef,1236x800,0.08,0.1,,,,1,31,29,3,3,1.0,29,5,1,23,0.143,0.9,grounded,,dino_lab_runs\20260920_124756\p18_single_dpi300_box0.08_txt0.1_procDEFAULT.jpg,p18_single_dpi300_box0.08_txt0.1_procDEFAULT,correct,1.0
18,single,300,defxdef,1236x800,0.12,0.1,,,,1,16,15,3,2,0.667,15,0,1,14,0.189,0.9,grounded,,dino_lab_runs\20260920_124756\p18_single_dpi300_box0.12_txt0.1_procDEFAULT.jpg,p18_single_dpi300_box0.12_txt0.1_procDEFAULT,correct,1.0
19,tiled,300,defxdef,800x800,0.08,0.1,2800.0,0.2,0.45,6,116,14,1,0,0.0,14,0,0,14,0.184,2.8,grounded,,dino_lab_runs\20260920_124756\p19_tiled_dpi300_box0.08_txt0.1_tile2800_ov0.2_nms0.45_procDEFAULT.jpg,p19_tiled_dpi300_box0.08_txt0.1_tile2800_ov0.2_nms0.45_procDEFAULT,wrong,0.0
19,tiled,300,defxdef,800x800,0.12,0.1,2800.0,0.2,0.45,6,67,9,1,0,0.0,9,0,0,9,0.243,2.9,grounded,,dino_lab_runs\20260920_124756\p19_tiled_dpi300_box0.12_txt0.1_tile2800_ov0.2_nms0.45_procDEFAULT.jpg,p19_tiled_dpi300_box0.12_txt0.1_tile2800_ov0.2_nms0.45_procDEFAULT,wrong,0.0
19,single,300,defxdef,1236x800,0.08,0.1,,,,1,20,18,1,1,1.0,18,1,0,17,0.175,1.0,grounded,,dino_lab_runs\20260920_124756\p19_single_dpi300_box0.08_txt0.1_procDEFAULT.jpg,p19_single_dpi300_box0.08_txt0.1_procDEFAULT,wrong,0.0
19,single,300,defxdef,1236x800,0.12,0.1,,,,1,13,12,1,0,0.0,12,0,0,12,0.212,1.0,grounded,,dino_lab_runs\20260920_124756\p19_single_dpi300_box0.12_txt0.1_procDEFAULT.jpg,p19_single_dpi300_box0.12_txt0.1_procDEFAULT,wrong,0.0
20,tiled,300,defxdef,800x800,0.08,0.1,2800.0,0.2,0.45,6,114,13,1,0,0.0,13,0,0,13,0.211,2.9,grounded,,dino_lab_runs\20260920_124756\p20_tiled_dpi300_box0.08_txt0.1_tile2800_ov0.2_nms0.45_procDEFAULT.jpg,p20_tiled_dpi300_box0.08_txt0.1_tile2800_ov0.2_nms0.45_procDEFAULT,correct,1.0
20,tiled,300,defxdef,800x800,0.12,0.1,2800.0,0.2,0.45,6,71,9,1,0,0.0,9,0,0,9,0.256,2.9,grounded,,dino_lab_runs\20260920_124756\p20_tiled_dpi300_box0.12_txt0.1_tile2800_ov0.2_nms0.45_procDEFAULT.jpg,p20_tiled_dpi300_box0.12_txt0.1_tile2800_ov0.2_nms0.45_procDEFAULT,correct,1.0
20,single,300,defxdef,1236x800,0.08,0.1,,,,1,18,16,1,0,0.0,16,0,0,16,0.173,0.9,grounded,,dino_lab_runs\20260920_124756\p20_single_dpi300_box0.08_txt0.1_procDEFAULT.jpg,p20_single_dpi300_box0.08_txt0.1_procDEFAULT,wrong,0.0
20,single,300,defxdef,1236x800,0.12,0.1,,,,1,10,9,1,0,0.0,9,0,0,9,0.235,0.9,grounded,,dino_lab_runs\20260920_124756\p20_single_dpi300_box0.12_txt0.1_procDEFAULT.jpg,p20_single_dpi300_box0.12_txt0.1_procDEFAULT,wrong,0.0
21,tiled,300,defxdef,800x800,0.08,0.1,2800.0,0.2,0.45,6,128,13,1,1,1.0,13,1,0,12,0.203,2.8,grounded,,dino_lab_runs\20260920_124756\p21_tiled_dpi300_box0.08_txt0.1_tile2800_ov0.2_nms0.45_procDEFAULT.jpg,p21_tiled_dpi300_box0.08_txt0.1_tile2800_ov0.2_nms0.45_procDEFAULT,wrong,0.0
21,tiled,300,defxdef,800x800,0.12,0.1,2800.0,0.2,0.45,6,72,11,1,0,0.0,11,0,0,11,0.22,2.8,grounded,,dino_lab_runs\20260920_124756\p21_tiled_dpi300_box0.12_txt0.1_tile2800_ov0.2_nms0.45_procDEFAULT.jpg,p21_tiled_dpi300_box0.12_txt0.1_tile2800_ov0.2_nms0.45_procDEFAULT,correct,1.0
21,single,300,defxdef,1236x800,0.08,0.1,,,,1,24,22,1,0,0.0,22,0,0,22,0.159,0.8,grounded,,dino_lab_runs\20260920_124756\p21_single_dpi300_box0.08_txt0.1_procDEFAULT.jpg,p21_single_dpi300_box0.08_txt0.1_procDEFAULT,wrong,0.0
21,single,300,defxdef,1236x800,0.12,0.1,,,,1,11,10,1,0,0.0,10,0,0,10,0.227,0.8,grounded,,dino_lab_runs\20260920_124756\p21_single_dpi300_box0.12_txt0.1_procDEFAULT.jpg,p21_single_dpi300_box0.12_txt0.1_procDEFAULT,wrong,0.0
22,tiled,300,defxdef,800x800,0.08,0.1,2800.0,0.2,0.45,6,116,12,1,0,0.0,12,0,0,12,0.182,2.7,grounded,,dino_lab_runs\20260920_124756\p22_tiled_dpi300_box0.08_txt0.1_tile2800_ov0.2_nms0.45_procDEFAULT.jpg,p22_tiled_dpi300_box0.08_txt0.1_tile2800_ov0.2_nms0.45_procDEFAULT,wrong,0.0
22,tiled,300,defxdef,800x800,0.12,0.1,2800.0,0.2,0.45,6,65,7,1,0,0.0,7,0,0,7,0.243,2.6,grounded,,dino_lab_runs\20260920_124756\p22_tiled_dpi300_box0.12_txt0.1_tile2800_ov0.2_nms0.45_procDEFAULT.jpg,p22_tiled_dpi300_box0.12_txt0.1_tile2800_ov0.2_nms0.45_procDEFAULT,wrong,0.0
22,single,300,defxdef,1236x800,0.08,0.1,,,,1,19,17,1,1,1.0,17,2,0,15,0.175,0.8,grounded,,dino_lab_runs\20260920_124756\p22_single_dpi300_box0.08_txt0.1_procDEFAULT.jpg,p22_single_dpi300_box0.08_txt0.1_procDEFAULT,correct,1.0
22,single,300,defxdef,1236x800,0.12,0.1,,,,1,11,10,1,1,1.0,10,2,0,8,0.228,0.8,grounded,,dino_lab_runs\20260920_124756\p22_single_dpi300_box0.12_txt0.1_procDEFAULT.jpg,p22_single_dpi300_box0.12_txt0.1_procDEFAULT,correct,1.0
23,tiled,300,defxdef,800x800,0.08,0.1,2800.0,0.2,0.45,6,120,16,1,0,0.0,16,0,0,16,0.176,2.6,grounded,,dino_lab_runs\20260920_124756\p23_tiled_dpi300_box0.08_txt0.1_tile2800_ov0.2_nms0.45_procDEFAULT.jpg,p23_tiled_dpi300_box0.08_txt0.1_tile2800_ov0.2_nms0.45_procDEFAULT,wrong,0.0
23,tiled,300,defxdef,800x800,0.12,0.1,2800.0,0.2,0.45,6,52,8,1,0,0.0,8,0,0,8,0.247,2.5,grounded,,dino_lab_runs\20260920_124756\p23_tiled_dpi300_box0.12_txt0.1_tile2800_ov0.2_nms0.45_procDEFAULT.jpg,p23_tiled_dpi300_box0.12_txt0.1_tile2800_ov0.2_nms0.45_procDEFAULT,wrong,0.0
23,single,300,defxdef,1236x800,0.08,0.1,,,,1,21,19,1,0,0.0,19,0,0,19,0.171,0.8,grounded,,dino_lab_runs\20260920_124756\p23_single_dpi300_box0.08_txt0.1_procDEFAULT.jpg,p23_single_dpi300_box0.08_txt0.1_procDEFAULT,wrong,0.0
23,single,300,defxdef,1236x800,0.12,0.1,,,,1,12,11,1,0,0.0,11,0,0,11,0.223,0.8,grounded,,dino_lab_runs\20260920_124756\p23_single_dpi300_box0.12_txt0.1_procDEFAULT.jpg,p23_single_dpi300_box0.12_txt0.1_procDEFAULT,correct,1.0
24,tiled,300,defxdef,800x800,0.08,0.1,2800.0,0.2,0.45,6,129,17,1,0,0.0,17,0,0,17,0.166,2.7,grounded,,dino_lab_runs\20260920_124756\p24_tiled_dpi300_box0.08_txt0.1_tile2800_ov0.2_nms0.45_procDEFAULT.jpg,p24_tiled_dpi300_box0.08_txt0.1_tile2800_ov0.2_nms0.45_procDEFAULT,wrong,0.0
24,tiled,300,defxdef,800x800,0.12,0.1,2800.0,0.2,0.45,6,67,8,1,0,0.0,8,0,0,8,0.237,2.5,grounded,,dino_lab_runs\20260920_124756\p24_tiled_dpi300_box0.12_txt0.1_tile2800_ov0.2_nms0.45_procDEFAULT.jpg,p24_tiled_dpi300_box0.12_txt0.1_tile2800_ov0.2_nms0.45_procDEFAULT,wrong,0.0
24,single,300,defxdef,1236x800,0.08,0.1,,,,1,18,16,1,0,0.0,16,0,0,16,0.196,0.9,grounded,,dino_lab_runs\20260920_124756\p24_single_dpi300_box0.08_txt0.1_procDEFAULT.jpg,p24_single_dpi300_box0.08_txt0.1_procDEFAULT,wrong,0.0
24,single,300,defxdef,1236x800,0.12,0.1,,,,1,12,11,1,0,0.0,11,0,0,11,0.238,0.8,grounded,,dino_lab_runs\20260920_124756\p24_single_dpi300_box0.12_txt0.1_procDEFAULT.jpg,p24_single_dpi300_box0.12_txt0.1_procDEFAULT,correct,1.0
25,tiled,300,defxdef,800x800,0.08,0.1,2800.0,0.2,0.45,6,133,17,1,0,0.0,17,0,0,17,0.159,2.6,grounded,,dino_lab_runs\20260920_124756\p25_tiled_dpi300_box0.08_txt0.1_tile2800_ov0.2_nms0.45_procDEFAULT.jpg,p25_tiled_dpi300_box0.08_txt0.1_tile2800_ov0.2_nms0.45_procDEFAULT,wrong,0.0
25,tiled,300,defxdef,800x800,0.12,0.1,2800.0,0.2,0.45,6,68,8,1,0,0.0,8,0,0,8,0.229,2.7,grounded,,dino_lab_runs\20260920_124756\p25_tiled_dpi300_box0.12_txt0.1_tile2800_ov0.2_nms0.45_procDEFAULT.jpg,p25_tiled_dpi300_box0.12_txt0.1_tile2800_ov0.2_nms0.45_procDEFAULT,wrong,0.0
25,single,300,defxdef,1236x800,0.08,0.1,,,,1,18,16,1,0,0.0,16,0,0,16,0.179,0.8,grounded,,dino_lab_runs\20260920_124756\p25_single_dpi300_box0.08_txt0.1_procDEFAULT.jpg,p25_single_dpi300_box0.08_txt0.1_procDEFAULT,wrong,0.0
25,single,300,defxdef,1236x800,0.12,0.1,,,,1,10,9,1,0,0.0,9,0,0,9,0.238,0.9,grounded,,dino_lab_runs\20260920_124756\p25_single_dpi300_box0.12_txt0.1_procDEFAULT.jpg,p25_single_dpi300_box0.12_txt0.1_procDEFAULT,correct,1.0
26,tiled,300,defxdef,800x800,0.08,0.1,2800.0,0.2,0.45,6,152,19,3,2,0.667,19,0,1,18,0.166,2.6,grounded,,dino_lab_runs\20260920_124756\p26_tiled_dpi300_box0.08_txt0.1_tile2800_ov0.2_nms0.45_procDEFAULT.jpg,p26_tiled_dpi300_box0.08_txt0.1_tile2800_ov0.2_nms0.45_procDEFAULT,wrong,0.0
26,tiled,300,defxdef,800x800,0.12,0.1,2800.0,0.2,0.45,6,76,10,3,0,0.0,10,0,0,10,0.22,2.6,grounded,,dino_lab_runs\20260920_124756\p26_tiled_dpi300_box0.12_txt0.1_tile2800_ov0.2_nms0.45_procDEFAULT.jpg,p26_tiled_dpi300_box0.12_txt0.1_tile2800_ov0.2_nms0.45_procDEFAULT,wrong,0.0
26,single,300,defxdef,1236x800,0.08,0.1,,,,1,28,24,3,0,0.0,24,0,0,24,0.15,0.9,grounded,,dino_lab_runs\20260920_124756\p26_single_dpi300_box0.08_txt0.1_procDEFAULT.jpg,p26_single_dpi300_box0.08_txt0.1_procDEFAULT,correct,1.0
26,single,300,defxdef,1236x800,0.12,0.1,,,,1,14,13,3,0,0.0,13,0,0,13,0.19,0.9,grounded,,dino_lab_runs\20260920_124756\p26_single_dpi300_box0.12_txt0.1_procDEFAULT.jpg,p26_single_dpi300_box0.12_txt0.1_procDEFAULT,correct,1.0
27,tiled,300,defxdef,800x800,0.08,0.1,2800.0,0.2,0.45,6,148,16,2,0,0.0,16,0,0,16,0.179,2.7,grounded,,dino_lab_runs\20260920_124756\p27_tiled_dpi300_box0.08_txt0.1_tile2800_ov0.2_nms0.45_procDEFAULT.jpg,p27_tiled_dpi300_box0.08_txt0.1_tile2800_ov0.2_nms0.45_procDEFAULT,wrong,0.0
27,tiled,300,defxdef,800x800,0.12,0.1,2800.0,0.2,0.45,6,86,10,2,0,0.0,10,0,0,10,0.207,2.7,grounded,,dino_lab_runs\20260920_124756\p27_tiled_dpi300_box0.12_txt0.1_tile2800_ov0.2_nms0.45_procDEFAULT.jpg,p27_tiled_dpi300_box0.12_txt0.1_tile2800_ov0.2_nms0.45_procDEFAULT,wrong,0.0
27,single,300,defxdef,1236x800,0.08,0.1,,,,1,23,21,2,0,0.0,21,0,0,21,0.168,1.0,grounded,,dino_lab_runs\20260920_124756\p27_single_dpi300_box0.08_txt0.1_procDEFAULT.jpg,p27_single_dpi300_box0.08_txt0.1_procDEFAULT,correct,1.0
27,single,300,defxdef,1236x800,0.12,0.1,,,,1,14,13,2,0,0.0,13,0,0,13,0.211,0.8,grounded,,dino_lab_runs\20260920_124756\p27_single_dpi300_box0.12_txt0.1_procDEFAULT.jpg,p27_single_dpi300_box0.12_txt0.1_procDEFAULT,correct,1.0
28,tiled,300,defxdef,800x800,0.08,0.1,2800.0,0.2,0.45,6,164,20,2,1,0.5,20,1,0,19,0.198,2.6,grounded,,dino_lab_runs\20260920_124756\p28_tiled_dpi300_box0.08_txt0.1_tile2800_ov0.2_nms0.45_procDEFAULT.jpg,p28_tiled_dpi300_box0.08_txt0.1_tile2800_ov0.2_nms0.45_procDEFAULT,wrong,0.0
28,tiled,300,defxdef,800x800,0.12,0.1,2800.0,0.2,0.45,6,91,13,2,1,0.5,13,1,0,12,0.219,2.6,grounded,,dino_lab_runs\20260920_124756\p28_tiled_dpi300_box0.12_txt0.1_tile2800_ov0.2_nms0.45_procDEFAULT.jpg,p28_tiled_dpi300_box0.12_txt0.1_tile2800_ov0.2_nms0.45_procDEFAULT,correct,1.0
28,single,300,defxdef,1236x800,0.08,0.1,,,,1,22,18,2,1,0.5,18,3,0,15,0.167,1.0,grounded,,dino_lab_runs\20260920_124756\p28_single_dpi300_box0.08_txt0.1_procDEFAULT.jpg,p28_single_dpi300_box0.08_txt0.1_procDEFAULT,wrong,0.0
28,single,300,defxdef,1236x800,0.12,0.1,,,,1,12,11,2,1,0.5,11,2,0,9,0.213,1.0,grounded,,dino_lab_runs\20260920_124756\p28_single_dpi300_box0.12_txt0.1_procDEFAULT.jpg,p28_single_dpi300_box0.12_txt0.1_procDEFAULT,correct,1.0
29,tiled,300,defxdef,800x800,0.08,0.1,2800.0,0.2,0.45,6,164,12,2,0,0.0,12,0,0,12,0.206,2.7,grounded,,dino_lab_runs\20260920_124756\p29_tiled_dpi300_box0.08_txt0.1_tile2800_ov0.2_nms0.45_procDEFAULT.jpg,p29_tiled_dpi300_box0.08_txt0.1_tile2800_ov0.2_nms0.45_procDEFAULT,correct,1.0
29,tiled,300,defxdef,800x800,0.12,0.1,2800.0,0.2,0.45,6,105,7,2,0,0.0,7,0,0,7,0.268,2.6,grounded,,dino_lab_runs\20260920_124756\p29_tiled_dpi300_box0.12_txt0.1_tile2800_ov0.2_nms0.45_procDEFAULT.jpg,p29_tiled_dpi300_box0.12_txt0.1_tile2800_ov0.2_nms0.45_procDEFAULT,correct,1.0
29,single,300,defxdef,1236x800,0.08,0.1,,,,1,28,23,2,0,0.0,23,0,0,23,0.179,0.8,grounded,,dino_lab_runs\20260920_124756\p29_single_dpi300_box0.08_txt0.1_procDEFAULT.jpg,p29_single_dpi300_box0.08_txt0.1_procDEFAULT,wrong,0.0
29,single,300,defxdef,1236x800,0.12,0.1,,,,1,17,15,2,0,0.0,15,0,0,15,0.225,0.8,grounded,,dino_lab_runs\20260920_124756\p29_single_dpi300_box0.12_txt0.1_procDEFAULT.jpg,p29_single_dpi300_box0.12_txt0.1_procDEFAULT,unlabeled,
30,tiled,300,defxdef,800x800,0.08,0.1,2800.0,0.2,0.45,6,140,17,2,1,0.5,17,1,0,16,0.186,2.6,grounded,,dino_lab_runs\20260920_124756\p30_tiled_dpi300_box0.08_txt0.1_tile2800_ov0.2_nms0.45_procDEFAULT.jpg,p30_tiled_dpi300_box0.08_txt0.1_tile2800_ov0.2_nms0.45_procDEFAULT,wrong,0.0
30,tiled,300,defxdef,800x800,0.12,0.1,2800.0,0.2,0.45,6,81,14,2,0,0.0,14,0,0,14,0.205,2.6,grounded,,dino_lab_runs\20260920_124756\p30_tiled_dpi300_box0.12_txt0.1_tile2800_ov0.2_nms0.45_procDEFAULT.jpg,p30_tiled_dpi300_box0.12_txt0.1_tile2800_ov0.2_nms0.45_procDEFAULT,wrong,0.0
30,single,300,defxdef,1236x800,0.08,0.1,,,,1,21,14,2,1,0.5,14,3,0,11,0.159,0.9,grounded,,dino_lab_runs\20260920_124756\p30_single_dpi300_box0.08_txt0.1_procDEFAULT.jpg,p30_single_dpi300_box0.08_txt0.1_procDEFAULT,correct,1.0
30,single,300,defxdef,1236x800,0.12,0.1,,,,1,11,8,2,1,0.5,8,2,0,6,0.211,0.8,grounded,,dino_lab_runs\20260920_124756\p30_single_dpi300_box0.12_txt0.1_procDEFAULT.jpg,p30_single_dpi300_box0.12_txt0.1_procDEFAULT,correct,1.0
31,tiled,300,defxdef,800x800,0.08,0.1,2800.0,0.2,0.45,6,139,17,1,1,1.0,17,1,0,16,0.153,2.6,grounded,,dino_lab_runs\20260920_124756\p31_tiled_dpi300_box0.08_txt0.1_tile2800_ov0.2_nms0.45_procDEFAULT.jpg,p31_tiled_dpi300_box0.08_txt0.1_tile2800_ov0.2_nms0.45_procDEFAULT,wrong,0.0
31,tiled,300,defxdef,800x800,0.12,0.1,2800.0,0.2,0.45,6,77,11,1,0,0.0,11,0,0,11,0.168,2.6,grounded,,dino_lab_runs\20260920_124756\p31_tiled_dpi300_box0.12_txt0.1_tile2800_ov0.2_nms0.45_procDEFAULT.jpg,p31_tiled_dpi300_box0.12_txt0.1_tile2800_ov0.2_nms0.45_procDEFAULT,wrong,0.0
31,single,300,defxdef,1236x800,0.08,0.1,,,,1,17,9,1,0,0.0,9,0,0,9,0.122,0.8,grounded,,dino_lab_runs\20260920_124756\p31_single_dpi300_box0.08_txt0.1_procDEFAULT.jpg,p31_single_dpi300_box0.08_txt0.1_procDEFAULT,wrong,0.0
31,single,300,defxdef,1236x800,0.12,0.1,,,,1,6,2,1,0,0.0,2,0,0,2,0.229,0.9,grounded,,dino_lab_runs\20260920_124756\p31_single_dpi300_box0.12_txt0.1_procDEFAULT.jpg,p31_single_dpi300_box0.12_txt0.1_procDEFAULT,wrong,0.0
32,tiled,300,defxdef,800x800,0.08,0.1,2800.0,0.2,0.45,6,169,17,2,1,0.5,17,1,0,16,0.194,2.6,grounded,,dino_lab_runs\20260920_124756\p32_tiled_dpi300_box0.08_txt0.1_tile2800_ov0.2_nms0.45_procDEFAULT.jpg,p32_tiled_dpi300_box0.08_txt0.1_tile2800_ov0.2_nms0.45_procDEFAULT,wrong,0.0
32,tiled,300,defxdef,800x800,0.12,0.1,2800.0,0.2,0.45,6,92,11,2,1,0.5,11,1,0,10,0.241,2.7,grounded,,dino_lab_runs\20260920_124756\p32_tiled_dpi300_box0.12_txt0.1_tile2800_ov0.2_nms0.45_procDEFAULT.jpg,p32_tiled_dpi300_box0.12_txt0.1_tile2800_ov0.2_nms0.45_procDEFAULT,wrong,0.0
32,single,300,defxdef,1236x800,0.08,0.1,,,,1,24,16,2,1,0.5,16,6,0,10,0.181,0.8,grounded,,dino_lab_runs\20260920_124756\p32_single_dpi300_box0.08_txt0.1_procDEFAULT.jpg,p32_single_dpi300_box0.08_txt0.1_procDEFAULT,correct,1.0
32,single,300,defxdef,1236x800,0.12,0.1,,,,1,14,11,2,1,0.5,11,5,0,6,0.216,0.9,grounded,,dino_lab_runs\20260920_124756\p32_single_dpi300_box0.12_txt0.1_procDEFAULT.jpg,p32_single_dpi300_box0.12_txt0.1_procDEFAULT,correct,1.0
33,tiled,300,defxdef,800x800,0.08,0.1,2800.0,0.2,0.45,6,157,18,2,0,0.0,18,0,0,18,0.177,2.7,grounded,,dino_lab_runs\20260920_124756\p33_tiled_dpi300_box0.08_txt0.1_tile2800_ov0.2_nms0.45_procDEFAULT.jpg,p33_tiled_dpi300_box0.08_txt0.1_tile2800_ov0.2_nms0.45_procDEFAULT,wrong,0.0
33,tiled,300,defxdef,800x800,0.12,0.1,2800.0,0.2,0.45,6,98,12,2,0,0.0,12,0,0,12,0.205,2.6,grounded,,dino_lab_runs\20260920_124756\p33_tiled_dpi300_box0.12_txt0.1_tile2800_ov0.2_nms0.45_procDEFAULT.jpg,p33_tiled_dpi300_box0.12_txt0.1_tile2800_ov0.2_nms0.45_procDEFAULT,wrong,0.0
33,single,300,defxdef,1236x800,0.08,0.1,,,,1,22,20,2,0,0.0,20,0,0,20,0.159,0.8,grounded,,dino_lab_runs\20260920_124756\p33_single_dpi300_box0.08_txt0.1_procDEFAULT.jpg,p33_single_dpi300_box0.08_txt0.1_procDEFAULT,correct,1.0
33,single,300,defxdef,1236x800,0.12,0.1,,,,1,16,15,2,0,0.0,15,0,0,15,0.178,0.9,grounded,,dino_lab_runs\20260920_124756\p33_single_dpi300_box0.12_txt0.1_procDEFAULT.jpg,p33_single_dpi300_box0.12_txt0.1_procDEFAULT,correct,1.0
34,tiled,300,defxdef,800x800,0.08,0.1,2800.0,0.2,0.45,6,137,19,2,1,0.5,19,1,0,18,0.159,2.5,grounded,,dino_lab_runs\20260920_124756\p34_tiled_dpi300_box0.08_txt0.1_tile2800_ov0.2_nms0.45_procDEFAULT.jpg,p34_tiled_dpi300_box0.08_txt0.1_tile2800_ov0.2_nms0.45_procDEFAULT,wrong,0.0
34,tiled,300,defxdef,800x800,0.12,0.1,2800.0,0.2,0.45,6,70,14,2,1,0.5,14,1,0,13,0.177,2.6,grounded,,dino_lab_runs\20260920_124756\p34_tiled_dpi300_box0.12_txt0.1_tile2800_ov0.2_nms0.45_procDEFAULT.jpg,p34_tiled_dpi300_box0.12_txt0.1_tile2800_ov0.2_nms0.45_procDEFAULT,wrong,0.0
34,single,300,defxdef,1236x800,0.08,0.1,,,,1,18,11,2,1,0.5,11,1,0,10,0.138,0.8,grounded,,dino_lab_runs\20260920_124756\p34_single_dpi300_box0.08_txt0.1_procDEFAULT.jpg,p34_single_dpi300_box0.08_txt0.1_procDEFAULT,correct,1.0
34,single,300,defxdef,1236x800,0.12,0.1,,,,1,8,6,2,0,0.0,6,0,0,6,0.167,0.8,grounded,,dino_lab_runs\20260920_124756\p34_single_dpi300_box0.12_txt0.1_procDEFAULT.jpg,p34_single_dpi300_box0.12_txt0.1_procDEFAULT,correct,1.0
35,tiled,300,defxdef,800x800,0.08,0.1,2800.0,0.2,0.45,6,150,13,3,2,0.667,13,2,0,11,0.185,2.6,grounded,,dino_lab_runs\20260920_124756\p35_tiled_dpi300_box0.08_txt0.1_tile2800_ov0.2_nms0.45_procDEFAULT.jpg,p35_tiled_dpi300_box0.08_txt0.1_tile2800_ov0.2_nms0.45_procDEFAULT,wrong,0.0
35,tiled,300,defxdef,800x800,0.12,0.1,2800.0,0.2,0.45,6,62,7,3,1,0.333,7,1,0,6,0.26,2.7,grounded,,dino_lab_runs\20260920_124756\p35_tiled_dpi300_box0.12_txt0.1_tile2800_ov0.2_nms0.45_procDEFAULT.jpg,p35_tiled_dpi300_box0.12_txt0.1_tile2800_ov0.2_nms0.45_procDEFAULT,correct,1.0
35,single,300,defxdef,1236x800,0.08,0.1,,,,1,20,16,3,1,0.333,16,5,0,11,0.164,0.8,grounded,,dino_lab_runs\20260920_124756\p35_single_dpi300_box0.08_txt0.1_procDEFAULT.jpg,p35_single_dpi300_box0.08_txt0.1_procDEFAULT,wrong,0.0
35,single,300,defxdef,1236x800,0.12,0.1,,,,1,11,9,3,1,0.333,9,3,0,6,0.226,0.9,grounded,,dino_lab_runs\20260920_124756\p35_single_dpi300_box0.12_txt0.1_procDEFAULT.jpg,p35_single_dpi300_box0.12_txt0.1_procDEFAULT,correct,1.0
36,tiled,300,defxdef,800x800,0.08,0.1,2800.0,0.2,0.45,6,115,16,1,0,0.0,16,0,0,16,0.164,2.7,grounded,,dino_lab_runs\20260920_124756\p36_tiled_dpi300_box0.08_txt0.1_tile2800_ov0.2_nms0.45_procDEFAULT.jpg,p36_tiled_dpi300_box0.08_txt0.1_tile2800_ov0.2_nms0.45_procDEFAULT,wrong,0.0
36,tiled,300,defxdef,800x800,0.12,0.1,2800.0,0.2,0.45,6,58,8,1,0,0.0,8,0,0,8,0.232,2.6,grounded,,dino_lab_runs\20260920_124756\p36_tiled_dpi300_box0.12_txt0.1_tile2800_ov0.2_nms0.45_procDEFAULT.jpg,p36_tiled_dpi300_box0.12_txt0.1_tile2800_ov0.2_nms0.45_procDEFAULT,wrong,0.0
36,single,300,defxdef,1236x800,0.08,0.1,,,,1,16,14,1,0,0.0,14,0,0,14,0.168,0.8,grounded,,dino_lab_runs\20260920_124756\p36_single_dpi300_box0.08_txt0.1_procDEFAULT.jpg,p36_single_dpi300_box0.08_txt0.1_procDEFAULT,correct,1.0
36,single,300,defxdef,1236x800,0.12,0.1,,,,1,11,10,1,0,0.0,10,0,0,10,0.201,0.9,grounded,,dino_lab_runs\20260920_124756\p36_single_dpi300_box0.12_txt0.1_procDEFAULT.jpg,p36_single_dpi300_box0.12_txt0.1_procDEFAULT,correct,1.0
37,tiled,300,defxdef,800x800,0.08,0.1,2800.0,0.2,0.45,6,159,15,1,0,0.0,15,0,0,15,0.201,2.6,grounded,,dino_lab_runs\20260920_124756\p37_tiled_dpi300_box0.08_txt0.1_tile2800_ov0.2_nms0.45_procDEFAULT.jpg,p37_tiled_dpi300_box0.08_txt0.1_tile2800_ov0.2_nms0.45_procDEFAULT,wrong,0.0
37,tiled,300,defxdef,800x800,0.12,0.1,2800.0,0.2,0.45,6,80,12,1,0,0.0,12,0,0,12,0.229,2.7,grounded,,dino_lab_runs\20260920_124756\p37_tiled_dpi300_box0.12_txt0.1_tile2800_ov0.2_nms0.45_procDEFAULT.jpg,p37_tiled_dpi300_box0.12_txt0.1_tile2800_ov0.2_nms0.45_procDEFAULT,wrong,0.0
37,single,300,defxdef,1236x800,0.08,0.1,,,,1,21,18,1,0,0.0,18,0,0,18,0.163,0.8,grounded,,dino_lab_runs\20260920_124756\p37_single_dpi300_box0.08_txt0.1_procDEFAULT.jpg,p37_single_dpi300_box0.08_txt0.1_procDEFAULT,correct,1.0
37,single,300,defxdef,1236x800,0.12,0.1,,,,1,11,10,1,0,0.0,10,0,0,10,0.209,0.8,grounded,,dino_lab_runs\20260920_124756\p37_single_dpi300_box0.12_txt0.1_procDEFAULT.jpg,p37_single_dpi300_box0.12_txt0.1_procDEFAULT,correct,1.0
38,tiled,300,defxdef,800x800,0.08,0.1,2800.0,0.2,0.45,6,115,20,4,2,0.5,20,5,0,15,0.183,2.7,grounded,,dino_lab_runs\20260920_124756\p38_tiled_dpi300_box0.08_txt0.1_tile2800_ov0.2_nms0.45_procDEFAULT.jpg,p38_tiled_dpi300_box0.08_txt0.1_tile2800_ov0.2_nms0.45_procDEFAULT,wrong,0.0
38,tiled,300,defxdef,800x800,0.12,0.1,2800.0,0.2,0.45,6,58,11,4,1,0.25,11,3,0,8,0.235,2.7,grounded,,dino_lab_runs\20260920_124756\p38_tiled_dpi300_box0.12_txt0.1_tile2800_ov0.2_nms0.45_procDEFAULT.jpg,p38_tiled_dpi300_box0.12_txt0.1_tile2800_ov0.2_nms0.45_procDEFAULT,wrong,0.0
38,single,300,defxdef,1236x800,0.08,0.1,,,,1,16,14,4,1,0.25,14,4,0,10,0.185,0.8,grounded,,dino_lab_runs\20260920_124756\p38_single_dpi300_box0.08_txt0.1_procDEFAULT.jpg,p38_single_dpi300_box0.08_txt0.1_procDEFAULT,correct,1.0
38,single,300,defxdef,1236x800,0.12,0.1,,,,1,10,9,4,1,0.25,9,2,0,7,0.236,0.8,grounded,,dino_lab_runs\20260920_124756\p38_single_dpi300_box0.12_txt0.1_procDEFAULT.jpg,p38_single_dpi300_box0.12_txt0.1_procDEFAULT,correct,1.0
39,tiled,300,defxdef,800x800,0.08,0.1,2800.0,0.2,0.45,6,130,9,1,1,1.0,9,2,0,7,0.245,2.6,grounded,,dino_lab_runs\20260920_124756\p39_tiled_dpi300_box0.08_txt0.1_tile2800_ov0.2_nms0.45_procDEFAULT.jpg,p39_tiled_dpi300_box0.08_txt0.1_tile2800_ov0.2_nms0.45_procDEFAULT,wrong,0.0
39,tiled,300,defxdef,800x800,0.12,0.1,2800.0,0.2,0.45,6,69,8,1,1,1.0,8,1,0,7,0.264,2.6,grounded,,dino_lab_runs\20260920_124756\p39_tiled_dpi300_box0.12_txt0.1_tile2800_ov0.2_nms0.45_procDEFAULT.jpg,p39_tiled_dpi300_box0.12_txt0.1_tile2800_ov0.2_nms0.45_procDEFAULT,wrong,0.0
39,single,300,defxdef,1236x800,0.08,0.1,,,,1,19,14,1,1,1.0,14,4,0,10,0.159,0.8,grounded,,dino_lab_runs\20260920_124756\p39_single_dpi300_box0.08_txt0.1_procDEFAULT.jpg,p39_single_dpi300_box0.08_txt0.1_procDEFAULT,wrong,0.0
39,single,300,defxdef,1236x800,0.12,0.1,,,,1,9,8,1,1,1.0,8,4,0,4,0.2,0.9,grounded,,dino_lab_runs\20260920_124756\p39_single_dpi300_box0.12_txt0.1_procDEFAULT.jpg,p39_single_dpi300_box0.12_txt0.1_procDEFAULT,correct,1.0
40,tiled,300,defxdef,800x800,0.08,0.1,2800.0,0.2,0.45,6,152,23,4,1,0.25,23,2,0,21,0.157,2.7,grounded,,dino_lab_runs\20260920_124756\p40_tiled_dpi300_box0.08_txt0.1_tile2800_ov0.2_nms0.45_procDEFAULT.jpg,p40_tiled_dpi300_box0.08_txt0.1_tile2800_ov0.2_nms0.45_procDEFAULT,wrong,0.0
40,tiled,300,defxdef,800x800,0.12,0.1,2800.0,0.2,0.45,6,77,12,4,1,0.25,12,2,0,10,0.211,2.6,grounded,,dino_lab_runs\20260920_124756\p40_tiled_dpi300_box0.12_txt0.1_tile2800_ov0.2_nms0.45_procDEFAULT.jpg,p40_tiled_dpi300_box0.12_txt0.1_tile2800_ov0.2_nms0.45_procDEFAULT,wrong,0.0
40,single,300,defxdef,1236x800,0.08,0.1,,,,1,24,22,4,1,0.25,22,5,0,17,0.128,0.8,grounded,,dino_lab_runs\20260920_124756\p40_single_dpi300_box0.08_txt0.1_procDEFAULT.jpg,p40_single_dpi300_box0.08_txt0.1_procDEFAULT,correct,1.0
40,single,300,defxdef,1236x800,0.12,0.1,,,,1,14,13,4,1,0.25,13,2,0,11,0.151,0.9,grounded,,dino_lab_runs\20260920_124756\p40_single_dpi300_box0.12_txt0.1_procDEFAULT.jpg,p40_single_dpi300_box0.12_txt0.1_procDEFAULT,correct,1.0
41,tiled,300,defxdef,800x800,0.08,0.1,2800.0,0.2,0.45,6,141,21,4,4,1.0,21,3,1,17,0.179,2.5,grounded,,dino_lab_runs\20260920_124756\p41_tiled_dpi300_box0.08_txt0.1_tile2800_ov0.2_nms0.45_procDEFAULT.jpg,p41_tiled_dpi300_box0.08_txt0.1_tile2800_ov0.2_nms0.45_procDEFAULT,wrong,0.0
41,tiled,300,defxdef,800x800,0.12,0.1,2800.0,0.2,0.45,6,76,12,4,2,0.5,12,2,0,10,0.21,2.6,grounded,,dino_lab_runs\20260920_124756\p41_tiled_dpi300_box0.12_txt0.1_tile2800_ov0.2_nms0.45_procDEFAULT.jpg,p41_tiled_dpi300_box0.12_txt0.1_tile2800_ov0.2_nms0.45_procDEFAULT,unlabeled,
41,single,300,defxdef,1236x800,0.08,0.1,,,,1,23,21,4,4,1.0,21,9,2,10,0.142,0.8,grounded,,dino_lab_runs\20260920_124756\p41_single_dpi300_box0.08_txt0.1_procDEFAULT.jpg,p41_single_dpi300_box0.08_txt0.1_procDEFAULT,correct,1.0
41,single,300,defxdef,1236x800,0.12,0.1,,,,1,15,14,4,3,0.75,14,5,1,8,0.166,0.9,grounded,,dino_lab_runs\20260920_124756\p41_single_dpi300_box0.12_txt0.1_procDEFAULT.jpg,p41_single_dpi300_box0.12_txt0.1_procDEFAULT,wrong,0.0
42,tiled,300,defxdef,800x800,0.08,0.1,2800.0,0.2,0.45,6,135,12,1,0,0.0,12,0,0,12,0.234,2.6,grounded,,dino_lab_runs\20260920_124756\p42_tiled_dpi300_box0.08_txt0.1_tile2800_ov0.2_nms0.45_procDEFAULT.jpg,p42_tiled_dpi300_box0.08_txt0.1_tile2800_ov0.2_nms0.45_procDEFAULT,wrong,0.0
42,tiled,300,defxdef,800x800,0.12,0.1,2800.0,0.2,0.45,6,89,11,1,0,0.0,11,0,0,11,0.234,2.5,grounded,,dino_lab_runs\20260920_124756\p42_tiled_dpi300_box0.12_txt0.1_tile2800_ov0.2_nms0.45_procDEFAULT.jpg,p42_tiled_dpi300_box0.12_txt0.1_tile2800_ov0.2_nms0.45_procDEFAULT,wrong,0.0
42,single,300,defxdef,1236x800,0.08,0.1,,,,1,28,24,1,0,0.0,24,0,0,24,0.147,0.8,grounded,,dino_lab_runs\20260920_124756\p42_single_dpi300_box0.08_txt0.1_procDEFAULT.jpg,p42_single_dpi300_box0.08_txt0.1_procDEFAULT,correct,1.0
42,single,300,defxdef,1236x800,0.12,0.1,,,,1,15,14,1,0,0.0,14,0,0,14,0.182,0.8,grounded,,dino_lab_runs\20260920_124756\p42_single_dpi300_box0.12_txt0.1_procDEFAULT.jpg,p42_single_dpi300_box0.12_txt0.1_procDEFAULT,correct,1.0
43,tiled,300,defxdef,800x800,0.08,0.1,2800.0,0.2,0.45,6,147,17,1,0,0.0,17,0,0,17,0.175,2.7,grounded,,dino_lab_runs\20260920_124756\p43_tiled_dpi300_box0.08_txt0.1_tile2800_ov0.2_nms0.45_procDEFAULT.jpg,p43_tiled_dpi300_box0.08_txt0.1_tile2800_ov0.2_nms0.45_procDEFAULT,wrong,0.0
43,tiled,300,defxdef,800x800,0.12,0.1,2800.0,0.2,0.45,6,66,9,1,0,0.0,9,0,0,9,0.224,2.6,grounded,,dino_lab_runs\20260920_124756\p43_tiled_dpi300_box0.12_txt0.1_tile2800_ov0.2_nms0.45_procDEFAULT.jpg,p43_tiled_dpi300_box0.12_txt0.1_tile2800_ov0.2_nms0.45_procDEFAULT,wrong,0.0
43,single,300,defxdef,1236x800,0.08,0.1,,,,1,25,22,1,0,0.0,22,0,0,22,0.141,0.8,grounded,,dino_lab_runs\20260920_124756\p43_single_dpi300_box0.08_txt0.1_procDEFAULT.jpg,p43_single_dpi300_box0.08_txt0.1_procDEFAULT,correct,1.0
43,single,300,defxdef,1236x800,0.12,0.1,,,,1,14,12,1,0,0.0,12,0,0,12,0.179,0.9,grounded,,dino_lab_runs\20260920_124756\p43_single_dpi300_box0.12_txt0.1_procDEFAULT.jpg,p43_single_dpi300_box0.12_txt0.1_procDEFAULT,correct,1.0
44,tiled,300,defxdef,800x800,0.08,0.1,2800.0,0.2,0.45,6,132,17,2,0,0.0,17,0,0,17,0.188,2.6,grounded,,dino_lab_runs\20260920_124756\p44_tiled_dpi300_box0.08_txt0.1_tile2800_ov0.2_nms0.45_procDEFAULT.jpg,p44_tiled_dpi300_box0.08_txt0.1_tile2800_ov0.2_nms0.45_procDEFAULT,wrong,0.0
44,tiled,300,defxdef,800x800,0.12,0.1,2800.0,0.2,0.45,6,73,13,2,0,0.0,13,0,0,13,0.217,2.7,grounded,,dino_lab_runs\20260920_124756\p44_tiled_dpi300_box0.12_txt0.1_tile2800_ov0.2_nms0.45_procDEFAULT.jpg,p44_tiled_dpi300_box0.12_txt0.1_tile2800_ov0.2_nms0.45_procDEFAULT,wrong,0.0
44,single,300,defxdef,1236x800,0.08,0.1,,,,1,25,19,2,1,0.5,19,1,0,18,0.149,0.9,grounded,,dino_lab_runs\20260920_124756\p44_single_dpi300_box0.08_txt0.1_procDEFAULT.jpg,p44_single_dpi300_box0.08_txt0.1_procDEFAULT,correct,1.0
44,single,300,defxdef,1236x800,0.12,0.1,,,,1,11,9,2,0,0.0,9,0,0,9,0.201,0.9,grounded,,dino_lab_runs\20260920_124756\p44_single_dpi300_box0.12_txt0.1_procDEFAULT.jpg,p44_single_dpi300_box0.12_txt0.1_procDEFAULT,correct,1.0
45,tiled,300,defxdef,800x800,0.08,0.1,2800.0,0.2,0.45,6,183,20,1,0,0.0,20,0,0,20,0.18,2.6,grounded,,dino_lab_runs\20260920_124756\p45_tiled_dpi300_box0.08_txt0.1_tile2800_ov0.2_nms0.45_procDEFAULT.jpg,p45_tiled_dpi300_box0.08_txt0.1_tile2800_ov0.2_nms0.45_procDEFAULT,wrong,0.0
45,tiled,300,defxdef,800x800,0.12,0.1,2800.0,0.2,0.45,6,91,16,1,0,0.0,16,0,0,16,0.189,2.5,grounded,,dino_lab_runs\20260920_124756\p45_tiled_dpi300_box0.12_txt0.1_tile2800_ov0.2_nms0.45_procDEFAULT.jpg,p45_tiled_dpi300_box0.12_txt0.1_tile2800_ov0.2_nms0.45_procDEFAULT,wrong,0.0
45,single,300,defxdef,1236x800,0.08,0.1,,,,1,26,24,1,0,0.0,24,0,0,24,0.124,0.8,grounded,,dino_lab_runs\20260920_124756\p45_single_dpi300_box0.08_txt0.1_procDEFAULT.jpg,p45_single_dpi300_box0.08_txt0.1_procDEFAULT,wrong,0.0
45,single,300,defxdef,1236x800,0.12,0.1,,,,1,11,10,1,0,0.0,10,0,0,10,0.163,0.9,grounded,,dino_lab_runs\20260920_124756\p45_single_dpi300_box0.12_txt0.1_procDEFAULT.jpg,p45_single_dpi300_box0.12_txt0.1_procDEFAULT,correct,1.0
46,tiled,300,defxdef,800x800,0.08,0.1,2800.0,0.2,0.45,6,140,15,3,2,0.667,15,4,0,11,0.217,2.6,grounded,,dino_lab_runs\20260920_124756\p46_tiled_dpi300_box0.08_txt0.1_tile2800_ov0.2_nms0.45_procDEFAULT.jpg,p46_tiled_dpi300_box0.08_txt0.1_tile2800_ov0.2_nms0.45_procDEFAULT,wrong,0.0
46,tiled,300,defxdef,800x800,0.12,0.1,2800.0,0.2,0.45,6,79,10,3,2,0.667,10,3,0,7,0.249,2.6,grounded,,dino_lab_runs\20260920_124756\p46_tiled_dpi300_box0.12_txt0.1_tile2800_ov0.2_nms0.45_procDEFAULT.jpg,p46_tiled_dpi300_box0.12_txt0.1_tile2800_ov0.2_nms0.45_procDEFAULT,unlabeled,
46,single,300,defxdef,1236x800,0.08,0.1,,,,1,27,25,3,3,1.0,25,3,1,21,0.159,1.2,grounded,,dino_lab_runs\20260920_124756\p46_single_dpi300_box0.08_txt0.1_procDEFAULT.jpg,p46_single_dpi300_box0.08_txt0.1_procDEFAULT,correct,1.0
46,single,300,defxdef,1236x800,0.12,0.1,,,,1,15,14,3,2,0.667,14,0,1,13,0.206,1.0,grounded,,dino_lab_runs\20260920_124756\p46_single_dpi300_box0.12_txt0.1_procDEFAULT.jpg,p46_single_dpi300_box0.12_txt0.1_procDEFAULT,correct,1.0
47,tiled,300,defxdef,800x800,0.08,0.1,2800.0,0.2,0.45,6,146,22,3,3,1.0,22,6,0,16,0.179,2.9,grounded,,dino_lab_runs\20260920_124756\p47_tiled_dpi300_box0.08_txt0.1_tile2800_ov0.2_nms0.45_procDEFAULT.jpg,p47_tiled_dpi300_box0.08_txt0.1_tile2800_ov0.2_nms0.45_procDEFAULT,wrong,0.0
47,tiled,300,defxdef,800x800,0.12,0.1,2800.0,0.2,0.45,6,71,14,3,3,1.0,14,4,0,10,0.221,3.1,grounded,,dino_lab_runs\20260920_124756\p47_tiled_dpi300_box0.12_txt0.1_tile2800_ov0.2_nms0.45_procDEFAULT.jpg,p47_tiled_dpi300_box0.12_txt0.1_tile2800_ov0.2_nms0.45_procDEFAULT,correct,1.0
47,single,300,defxdef,1236x800,0.08,0.1,,,,1,27,25,3,2,0.667,25,6,0,19,0.153,0.9,grounded,,dino_lab_runs\20260920_124756\p47_single_dpi300_box0.08_txt0.1_procDEFAULT.jpg,p47_single_dpi300_box0.08_txt0.1_procDEFAULT,wrong,0.0
47,single,300,defxdef,1236x800,0.12,0.1,,,,1,14,13,3,2,0.667,13,4,0,9,0.203,1.0,grounded,,dino_lab_runs\20260920_124756\p47_single_dpi300_box0.12_txt0.1_procDEFAULT.jpg,p47_single_dpi300_box0.12_txt0.1_procDEFAULT,wrong,0.0
48,tiled,300,defxdef,800x800,0.08,0.1,2800.0,0.2,0.45,6,148,19,2,1,0.5,19,2,0,17,0.179,3.4,grounded,,dino_lab_runs\20260920_124756\p48_tiled_dpi300_box0.08_txt0.1_tile2800_ov0.2_nms0.45_procDEFAULT.jpg,p48_tiled_dpi300_box0.08_txt0.1_tile2800_ov0.2_nms0.45_procDEFAULT,wrong,0.0
48,tiled,300,defxdef,800x800,0.12,0.1,2800.0,0.2,0.45,6,79,12,2,1,0.5,12,1,0,11,0.221,3.3,grounded,,dino_lab_runs\20260920_124756\p48_tiled_dpi300_box0.12_txt0.1_tile2800_ov0.2_nms0.45_procDEFAULT.jpg,p48_tiled_dpi300_box0.12_txt0.1_tile2800_ov0.2_nms0.45_procDEFAULT,wrong,0.0
48,single,300,defxdef,1236x800,0.08,0.1,,,,1,28,24,2,1,0.5,24,1,0,23,0.147,1.0,grounded,,dino_lab_runs\20260920_124756\p48_single_dpi300_box0.08_txt0.1_procDEFAULT.jpg,p48_single_dpi300_box0.08_txt0.1_procDEFAULT,correct,1.0
48,single,300,defxdef,1236x800,0.12,0.1,,,,1,16,15,2,0,0.0,15,0,0,15,0.179,1.1,grounded,,dino_lab_runs\20260920_124756\p48_single_dpi300_box0.12_txt0.1_procDEFAULT.jpg,p48_single_dpi300_box0.12_txt0.1_procDEFAULT,correct,1.0
49,tiled,300,defxdef,800x800,0.08,0.1,2800.0,0.2,0.45,6,138,12,1,0,0.0,12,0,0,12,0.204,2.9,grounded,,dino_lab_runs\20260920_124756\p49_tiled_dpi300_box0.08_txt0.1_tile2800_ov0.2_nms0.45_procDEFAULT.jpg,p49_tiled_dpi300_box0.08_txt0.1_tile2800_ov0.2_nms0.45_procDEFAULT,wrong,0.0
49,tiled,300,defxdef,800x800,0.12,0.1,2800.0,0.2,0.45,6,80,10,1,0,0.0,10,0,0,10,0.235,2.9,grounded,,dino_lab_runs\20260920_124756\p49_tiled_dpi300_box0.12_txt0.1_tile2800_ov0.2_nms0.45_procDEFAULT.jpg,p49_tiled_dpi300_box0.12_txt0.1_tile2800_ov0.2_nms0.45_procDEFAULT,wrong,0.0
49,single,300,defxdef,1236x800,0.08,0.1,,,,1,24,20,1,0,0.0,20,0,0,20,0.155,1.2,grounded,,dino_lab_runs\20260920_124756\p49_single_dpi300_box0.08_txt0.1_procDEFAULT.jpg,p49_single_dpi300_box0.08_txt0.1_procDEFAULT,correct,1.0
49,single,300,defxdef,1236x800,0.12,0.1,,,,1,12,11,1,0,0.0,11,0,0,11,0.196,0.9,grounded,,dino_lab_runs\20260920_124756\p49_single_dpi300_box0.12_txt0.1_procDEFAULT.jpg,p49_single_dpi300_box0.12_txt0.1_procDEFAULT,correct,1.0
50,tiled,300,defxdef,800x800,0.08,0.1,2800.0,0.2,0.45,6,131,20,2,1,0.5,20,1,0,19,0.161,2.9,grounded,,dino_lab_runs\20260920_124756\p50_tiled_dpi300_box0.08_txt0.1_tile2800_ov0.2_nms0.45_procDEFAULT.jpg,p50_tiled_dpi300_box0.08_txt0.1_tile2800_ov0.2_nms0.45_procDEFAULT,wrong,0.0
50,tiled,300,defxdef,800x800,0.12,0.1,2800.0,0.2,0.45,6,78,13,2,1,0.5,13,1,0,12,0.195,3.4,grounded,,dino_lab_runs\20260920_124756\p50_tiled_dpi300_box0.12_txt0.1_tile2800_ov0.2_nms0.45_procDEFAULT.jpg,p50_tiled_dpi300_box0.12_txt0.1_tile2800_ov0.2_nms0.45_procDEFAULT,wrong,0.0
50,single,300,defxdef,1236x800,0.08,0.1,,,,1,20,16,2,0,0.0,16,0,0,16,0.152,0.9,grounded,,dino_lab_runs\20260920_124756\p50_single_dpi300_box0.08_txt0.1_procDEFAULT.jpg,p50_single_dpi300_box0.08_txt0.1_procDEFAULT,correct,1.0
50,single,300,defxdef,1236x800,0.12,0.1,,,,1,10,9,2,0,0.0,9,0,0,9,0.197,0.9,grounded,,dino_lab_runs\20260920_124756\p50_single_dpi300_box0.12_txt0.1_procDEFAULT.jpg,p50_single_dpi300_box0.12_txt0.1_procDEFAULT,correct,1.0
51,tiled,300,defxdef,800x800,0.08,0.1,2800.0,0.2,0.45,6,137,17,2,0,0.0,17,0,0,17,0.174,2.9,grounded,,dino_lab_runs\20260920_124756\p51_tiled_dpi300_box0.08_txt0.1_tile2800_ov0.2_nms0.45_procDEFAULT.jpg,p51_tiled_dpi300_box0.08_txt0.1_tile2800_ov0.2_nms0.45_procDEFAULT,wrong,0.0
51,tiled,300,defxdef,800x800,0.12,0.1,2800.0,0.2,0.45,6,69,10,2,0,0.0,10,0,0,10,0.225,2.9,grounded,,dino_lab_runs\20260920_124756\p51_tiled_dpi300_box0.12_txt0.1_tile2800_ov0.2_nms0.45_procDEFAULT.jpg,p51_tiled_dpi300_box0.12_txt0.1_tile2800_ov0.2_nms0.45_procDEFAULT,wrong,0.0
51,single,300,defxdef,1236x800,0.08,0.1,,,,1,14,12,2,1,0.5,12,1,0,11,0.173,1.0,grounded,,dino_lab_runs\20260920_124756\p51_single_dpi300_box0.08_txt0.1_procDEFAULT.jpg,p51_single_dpi300_box0.08_txt0.1_procDEFAULT,correct,1.0
51,single,300,defxdef,1236x800,0.12,0.1,,,,1,10,9,2,0,0.0,9,0,0,9,0.199,0.9,grounded,,dino_lab_runs\20260920_124756\p51_single_dpi300_box0.12_txt0.1_procDEFAULT.jpg,p51_single_dpi300_box0.12_txt0.1_procDEFAULT,correct,1.0
52,tiled,300,defxdef,800x800,0.08,0.1,2800.0,0.2,0.45,6,131,17,1,0,0.0,17,0,0,17,0.17,2.9,grounded,,dino_lab_runs\20260920_124756\p52_tiled_dpi300_box0.08_txt0.1_tile2800_ov0.2_nms0.45_procDEFAULT.jpg,p52_tiled_dpi300_box0.08_txt0.1_tile2800_ov0.2_nms0.45_procDEFAULT,correct,1.0
52,tiled,300,defxdef,800x800,0.12,0.1,2800.0,0.2,0.45,6,67,10,1,0,0.0,10,0,0,10,0.217,2.9,grounded,,dino_lab_runs\20260920_124756\p52_tiled_dpi300_box0.12_txt0.1_tile2800_ov0.2_nms0.45_procDEFAULT.jpg,p52_tiled_dpi300_box0.12_txt0.1_tile2800_ov0.2_nms0.45_procDEFAULT,correct,1.0
52,single,300,defxdef,1236x800,0.08,0.1,,,,1,21,15,1,0,0.0,15,0,0,15,0.151,0.9,grounded,,dino_lab_runs\20260920_124756\p52_single_dpi300_box0.08_txt0.1_procDEFAULT.jpg,p52_single_dpi300_box0.08_txt0.1_procDEFAULT,correct,1.0
52,single,300,defxdef,1236x800,0.12,0.1,,,,1,11,10,1,0,0.0,10,0,0,10,0.172,0.9,grounded,,dino_lab_runs\20260920_124756\p52_single_dpi300_box0.12_txt0.1_procDEFAULT.jpg,p52_single_dpi300_box0.12_txt0.1_procDEFAULT,wrong,0.0
53,tiled,300,defxdef,800x800,0.08,0.1,2800.0,0.2,0.45,6,114,16,1,0,0.0,16,0,0,16,0.18,2.9,grounded,,dino_lab_runs\20260920_124756\p53_tiled_dpi300_box0.08_txt0.1_tile2800_ov0.2_nms0.45_procDEFAULT.jpg,p53_tiled_dpi300_box0.08_txt0.1_tile2800_ov0.2_nms0.45_procDEFAULT,wrong,0.0
53,tiled,300,defxdef,800x800,0.12,0.1,2800.0,0.2,0.45,6,59,10,1,0,0.0,10,0,0,10,0.227,3.1,grounded,,dino_lab_runs\20260920_124756\p53_tiled_dpi300_box0.12_txt0.1_tile2800_ov0.2_nms0.45_procDEFAULT.jpg,p53_tiled_dpi300_box0.12_txt0.1_tile2800_ov0.2_nms0.45_procDEFAULT,wrong,0.0
53,single,300,defxdef,1236x800,0.08,0.1,,,,1,24,21,1,0,0.0,21,0,0,21,0.133,0.9,grounded,,dino_lab_runs\20260920_124756\p53_single_dpi300_box0.08_txt0.1_procDEFAULT.jpg,p53_single_dpi300_box0.08_txt0.1_procDEFAULT,wrong,0.0
53,single,300,defxdef,1236x800,0.12,0.1,,,,1,10,9,1,0,0.0,9,0,0,9,0.179,0.8,grounded,,dino_lab_runs\20260920_124756\p53_single_dpi300_box0.12_txt0.1_procDEFAULT.jpg,p53_single_dpi300_box0.12_txt0.1_procDEFAULT,wrong,0.0
54,tiled,300,defxdef,800x800,0.08,0.1,2800.0,0.2,0.45,6,116,15,1,1,1.0,15,2,0,13,0.185,2.9,grounded,,dino_lab_runs\20260920_124756\p54_tiled_dpi300_box0.08_txt0.1_tile2800_ov0.2_nms0.45_procDEFAULT.jpg,p54_tiled_dpi300_box0.08_txt0.1_tile2800_ov0.2_nms0.45_procDEFAULT,correct,1.0
54,tiled,300,defxdef,800x800,0.12,0.1,2800.0,0.2,0.45,6,64,8,1,1,1.0,8,1,0,7,0.257,2.9,grounded,,dino_lab_runs\20260920_124756\p54_tiled_dpi300_box0.12_txt0.1_tile2800_ov0.2_nms0.45_procDEFAULT.jpg,p54_tiled_dpi300_box0.12_txt0.1_tile2800_ov0.2_nms0.45_procDEFAULT,wrong,0.0
54,single,300,defxdef,1236x800,0.08,0.1,,,,1,21,17,1,1,1.0,17,5,0,12,0.145,1.1,grounded,,dino_lab_runs\20260920_124756\p54_single_dpi300_box0.08_txt0.1_procDEFAULT.jpg,p54_single_dpi300_box0.08_txt0.1_procDEFAULT,correct,1.0
54,single,300,defxdef,1236x800,0.12,0.1,,,,1,10,9,1,1,1.0,9,3,0,6,0.188,0.8,grounded,,dino_lab_runs\20260920_124756\p54_single_dpi300_box0.12_txt0.1_procDEFAULT.jpg,p54_single_dpi300_box0.12_txt0.1_procDEFAULT,correct,1.0
55,tiled,300,defxdef,800x800,0.08,0.1,2800.0,0.2,0.45,6,171,17,2,1,0.5,17,2,0,15,0.186,4.2,grounded,,dino_lab_runs\20260920_124756\p55_tiled_dpi300_box0.08_txt0.1_tile2800_ov0.2_nms0.45_procDEFAULT.jpg,p55_tiled_dpi300_box0.08_txt0.1_tile2800_ov0.2_nms0.45_procDEFAULT,wrong,0.0
55,tiled,300,defxdef,800x800,0.12,0.1,2800.0,0.2,0.45,6,82,11,2,1,0.5,11,1,0,10,0.227,3.0,grounded,,dino_lab_runs\20260920_124756\p55_tiled_dpi300_box0.12_txt0.1_tile2800_ov0.2_nms0.45_procDEFAULT.jpg,p55_tiled_dpi300_box0.12_txt0.1_tile2800_ov0.2_nms0.45_procDEFAULT,wrong,0.0
55,single,300,defxdef,1236x800,0.08,0.1,,,,1,26,20,2,1,0.5,20,2,0,18,0.153,0.9,grounded,,dino_lab_runs\20260920_124756\p55_single_dpi300_box0.08_txt0.1_procDEFAULT.jpg,p55_single_dpi300_box0.08_txt0.1_procDEFAULT,correct,1.0
55,single,300,defxdef,1236x800,0.12,0.1,,,,1,13,12,2,1,0.5,12,2,0,10,0.189,1.0,grounded,,dino_lab_runs\20260920_124756\p55_single_dpi300_box0.12_txt0.1_procDEFAULT.jpg,p55_single_dpi300_box0.12_txt0.1_procDEFAULT,correct,1.0
56,tiled,300,defxdef,800x800,0.08,0.1,2800.0,0.2,0.45,6,152,15,3,1,0.333,15,1,0,14,0.197,2.9,grounded,,dino_lab_runs\20260920_124756\p56_tiled_dpi300_box0.08_txt0.1_tile2800_ov0.2_nms0.45_procDEFAULT.jpg,p56_tiled_dpi300_box0.08_txt0.1_tile2800_ov0.2_nms0.45_procDEFAULT,wrong,0.0
56,tiled,300,defxdef,800x800,0.12,0.1,2800.0,0.2,0.45,6,76,10,3,0,0.0,10,0,0,10,0.24,2.8,grounded,,dino_lab_runs\20260920_124756\p56_tiled_dpi300_box0.12_txt0.1_tile2800_ov0.2_nms0.45_procDEFAULT.jpg,p56_tiled_dpi300_box0.12_txt0.1_tile2800_ov0.2_nms0.45_procDEFAULT,wrong,0.0
56,single,300,defxdef,1236x800,0.08,0.1,,,,1,30,26,3,1,0.333,26,2,0,24,0.153,0.9,grounded,,dino_lab_runs\20260920_124756\p56_single_dpi300_box0.08_txt0.1_procDEFAULT.jpg,p56_single_dpi300_box0.08_txt0.1_procDEFAULT,correct,1.0
56,single,300,defxdef,1236x800,0.12,0.1,,,,1,15,14,3,1,0.333,14,1,0,13,0.2,0.8,grounded,,dino_lab_runs\20260920_124756\p56_single_dpi300_box0.12_txt0.1_procDEFAULT.jpg,p56_single_dpi300_box0.12_txt0.1_procDEFAULT,correct,1.0
57,tiled,300,defxdef,800x800,0.08,0.1,2800.0,0.2,0.45,6,132,12,2,2,1.0,12,2,0,10,0.185,3.4,grounded,,dino_lab_runs\20260920_124756\p57_tiled_dpi300_box0.08_txt0.1_tile2800_ov0.2_nms0.45_procDEFAULT.jpg,p57_tiled_dpi300_box0.08_txt0.1_tile2800_ov0.2_nms0.45_procDEFAULT,wrong,0.0
57,tiled,300,defxdef,800x800,0.12,0.1,2800.0,0.2,0.45,6,68,9,2,2,1.0,9,2,0,7,0.21,3.0,grounded,,dino_lab_runs\20260920_124756\p57_tiled_dpi300_box0.12_txt0.1_tile2800_ov0.2_nms0.45_procDEFAULT.jpg,p57_tiled_dpi300_box0.12_txt0.1_tile2800_ov0.2_nms0.45_procDEFAULT,wrong,0.0
57,single,300,defxdef,1236x800,0.08,0.1,,,,1,19,12,2,2,1.0,12,12,0,0,0.149,0.9,grounded,,dino_lab_runs\20260920_124756\p57_single_dpi300_box0.08_txt0.1_procDEFAULT.jpg,p57_single_dpi300_box0.08_txt0.1_procDEFAULT,correct,1.0
57,single,300,defxdef,1236x800,0.12,0.1,,,,1,10,6,2,2,1.0,6,6,0,0,0.203,0.9,grounded,,dino_lab_runs\20260920_124756\p57_single_dpi300_box0.12_txt0.1_procDEFAULT.jpg,p57_single_dpi300_box0.12_txt0.1_procDEFAULT,correct,1.0
58,tiled,300,defxdef,800x800,0.08,0.1,2800.0,0.2,0.45,6,144,17,1,0,0.0,17,0,0,17,0.146,3.1,grounded,,dino_lab_runs\20260920_124756\p58_tiled_dpi300_box0.08_txt0.1_tile2800_ov0.2_nms0.45_procDEFAULT.jpg,p58_tiled_dpi300_box0.08_txt0.1_tile2800_ov0.2_nms0.45_procDEFAULT,unlabeled,
58,tiled,300,defxdef,800x800,0.12,0.1,2800.0,0.2,0.45,6,47,7,1,0,0.0,7,0,0,7,0.21,3.5,grounded,,dino_lab_runs\20260920_124756\p58_tiled_dpi300_box0.12_txt0.1_tile2800_ov0.2_nms0.45_procDEFAULT.jpg,p58_tiled_dpi300_box0.12_txt0.1_tile2800_ov0.2_nms0.45_procDEFAULT,wrong,0.0
58,single,300,defxdef,1236x800,0.08,0.1,,,,1,18,11,1,0,0.0,11,0,0,11,0.169,0.9,grounded,,dino_lab_runs\20260920_124756\p58_single_dpi300_box0.08_txt0.1_procDEFAULT.jpg,p58_single_dpi300_box0.08_txt0.1_procDEFAULT,unlabeled,
58,single,300,defxdef,1236x800,0.12,0.1,,,,1,9,8,1,0,0.0,8,0,0,8,0.196,0.8,grounded,,dino_lab_runs\20260920_124756\p58_single_dpi300_box0.12_txt0.1_procDEFAULT.jpg,p58_single_dpi300_box0.12_txt0.1_procDEFAULT,correct,1.0
59,tiled,300,defxdef,800x800,0.08,0.1,2800.0,0.2,0.45,6,176,16,2,0,0.0,16,0,0,16,0.196,3.0,grounded,,dino_lab_runs\20260920_124756\p59_tiled_dpi300_box0.08_txt0.1_tile2800_ov0.2_nms0.45_procDEFAULT.jpg,p59_tiled_dpi300_box0.08_txt0.1_tile2800_ov0.2_nms0.45_procDEFAULT,wrong,0.0
59,tiled,300,defxdef,800x800,0.12,0.1,2800.0,0.2,0.45,6,102,12,2,0,0.0,12,0,0,12,0.222,2.9,grounded,,dino_lab_runs\20260920_124756\p59_tiled_dpi300_box0.12_txt0.1_tile2800_ov0.2_nms0.45_procDEFAULT.jpg,p59_tiled_dpi300_box0.12_txt0.1_tile2800_ov0.2_nms0.45_procDEFAULT,wrong,0.0
59,single,300,defxdef,1236x800,0.08,0.1,,,,1,38,35,2,0,0.0,35,0,0,35,0.145,0.9,grounded,,dino_lab_runs\20260920_124756\p59_single_dpi300_box0.08_txt0.1_procDEFAULT.jpg,p59_single_dpi300_box0.08_txt0.1_procDEFAULT,correct,1.0
59,single,300,defxdef,1236x800,0.12,0.1,,,,1,23,22,2,0,0.0,22,0,0,22,0.175,1.0,grounded,,dino_lab_runs\20260920_124756\p59_single_dpi300_box0.12_txt0.1_procDEFAULT.jpg,p59_single_dpi300_box0.12_txt0.1_procDEFAULT,correct,1.0
60,tiled,300,defxdef,800x800,0.08,0.1,2800.0,0.2,0.45,6,123,10,2,1,0.5,10,1,0,9,0.202,2.9,grounded,,dino_lab_runs\20260920_124756\p60_tiled_dpi300_box0.08_txt0.1_tile2800_ov0.2_nms0.45_procDEFAULT.jpg,p60_tiled_dpi300_box0.08_txt0.1_tile2800_ov0.2_nms0.45_procDEFAULT,correct,1.0
60,tiled,300,defxdef,800x800,0.12,0.1,2800.0,0.2,0.45,6,64,6,2,1,0.5,6,1,0,5,0.257,2.8,grounded,,dino_lab_runs\20260920_124756\p60_tiled_dpi300_box0.12_txt0.1_tile2800_ov0.2_nms0.45_procDEFAULT.jpg,p60_tiled_dpi300_box0.12_txt0.1_tile2800_ov0.2_nms0.45_procDEFAULT,correct,1.0
60,single,300,defxdef,1236x800,0.08,0.1,,,,1,20,18,2,1,0.5,18,1,0,17,0.163,0.9,grounded,,dino_lab_runs\20260920_124756\p60_single_dpi300_box0.08_txt0.1_procDEFAULT.jpg,p60_single_dpi300_box0.08_txt0.1_procDEFAULT,correct,1.0
60,single,300,defxdef,1236x800,0.12,0.1,,,,1,10,9,2,0,0.0,9,0,0,9,0.227,0.9,grounded,,dino_lab_runs\20260920_124756\p60_single_dpi300_box0.12_txt0.1_procDEFAULT.jpg,p60_single_dpi300_box0.12_txt0.1_procDEFAULT,correct,1.0
61,tiled,300,defxdef,800x800,0.08,0.1,2800.0,0.2,0.45,6,134,19,3,1,0.333,19,1,0,18,0.181,4.4,grounded,,dino_lab_runs\20260920_124756\p61_tiled_dpi300_box0.08_txt0.1_tile2800_ov0.2_nms0.45_procDEFAULT.jpg,p61_tiled_dpi300_box0.08_txt0.1_tile2800_ov0.2_nms0.45_procDEFAULT,wrong,0.0
61,tiled,300,defxdef,800x800,0.12,0.1,2800.0,0.2,0.45,6,76,12,3,1,0.333,12,1,0,11,0.216,3.0,grounded,,dino_lab_runs\20260920_124756\p61_tiled_dpi300_box0.12_txt0.1_tile2800_ov0.2_nms0.45_procDEFAULT.jpg,p61_tiled_dpi300_box0.12_txt0.1_tile2800_ov0.2_nms0.45_procDEFAULT,wrong,0.0
61,single,300,defxdef,1236x800,0.08,0.1,,,,1,24,18,3,1,0.333,18,1,0,17,0.157,0.9,grounded,,dino_lab_runs\20260920_124756\p61_single_dpi300_box0.08_txt0.1_procDEFAULT.jpg,p61_single_dpi300_box0.08_txt0.1_procDEFAULT,correct,1.0
61,single,300,defxdef,1236x800,0.12,0.1,,,,1,14,13,3,1,0.333,13,1,0,12,0.18,0.9,grounded,,dino_lab_runs\20260920_124756\p61_single_dpi300_box0.12_txt0.1_procDEFAULT.jpg,p61_single_dpi300_box0.12_txt0.1_procDEFAULT,wrong,0.0
62,tiled,300,defxdef,800x800,0.08,0.1,2800.0,0.2,0.45,6,133,13,2,2,1.0,13,0,1,12,0.211,3.0,grounded,,dino_lab_runs\20260920_124756\p62_tiled_dpi300_box0.08_txt0.1_tile2800_ov0.2_nms0.45_procDEFAULT.jpg,p62_tiled_dpi300_box0.08_txt0.1_tile2800_ov0.2_nms0.45_procDEFAULT,wrong,0.0
62,tiled,300,defxdef,800x800,0.12,0.1,2800.0,0.2,0.45,6,77,11,2,2,1.0,11,0,1,10,0.233,3.3,grounded,,dino_lab_runs\20260920_124756\p62_tiled_dpi300_box0.12_txt0.1_tile2800_ov0.2_nms0.45_procDEFAULT.jpg,p62_tiled_dpi300_box0.12_txt0.1_tile2800_ov0.2_nms0.45_procDEFAULT,wrong,0.0
62,single,300,defxdef,1236x800,0.08,0.1,,,,1,22,15,2,1,0.5,15,1,0,14,0.159,1.9,grounded,,dino_lab_runs\20260920_124756\p62_single_dpi300_box0.08_txt0.1_procDEFAULT.jpg,p62_single_dpi300_box0.08_txt0.1_procDEFAULT,unlabeled,
62,single,300,defxdef,1236x800,0.12,0.1,,,,1,14,12,2,1,0.5,12,1,0,11,0.173,1.1,grounded,,dino_lab_runs\20260920_124756\p62_single_dpi300_box0.12_txt0.1_procDEFAULT.jpg,p62_single_dpi300_box0.12_txt0.1_procDEFAULT,unlabeled,
63,tiled,300,defxdef,800x800,0.08,0.1,2800.0,0.2,0.45,6,102,12,1,0,0.0,12,0,0,12,0.214,2.7,grounded,,dino_lab_runs\20260920_124756\p63_tiled_dpi300_box0.08_txt0.1_tile2800_ov0.2_nms0.45_procDEFAULT.jpg,p63_tiled_dpi300_box0.08_txt0.1_tile2800_ov0.2_nms0.45_procDEFAULT,unlabeled,
63,tiled,300,defxdef,800x800,0.12,0.1,2800.0,0.2,0.45,6,55,8,1,0,0.0,8,0,0,8,0.267,2.6,grounded,,dino_lab_runs\20260920_124756\p63_tiled_dpi300_box0.12_txt0.1_tile2800_ov0.2_nms0.45_procDEFAULT.jpg,p63_tiled_dpi300_box0.12_txt0.1_tile2800_ov0.2_nms0.45_procDEFAULT,unlabeled,
63,single,300,defxdef,1236x800,0.08,0.1,,,,1,18,12,1,0,0.0,12,0,0,12,0.171,1.0,grounded,,dino_lab_runs\20260920_124756\p63_single_dpi300_box0.08_txt0.1_procDEFAULT.jpg,p63_single_dpi300_box0.08_txt0.1_procDEFAULT,unlabeled,
63,single,300,defxdef,1236x800,0.12,0.1,,,,1,11,8,1,0,0.0,8,0,0,8,0.206,1.1,grounded,,dino_lab_runs\20260920_124756\p63_single_dpi300_box0.12_txt0.1_procDEFAULT.jpg,p63_single_dpi300_box0.12_txt0.1_procDEFAULT,unlabeled,
64,tiled,300,defxdef,800x800,0.08,0.1,2800.0,0.2,0.45,6,109,13,1,1,1.0,13,2,0,11,0.197,2.9,grounded,,dino_lab_runs\20260920_124756\p64_tiled_dpi300_box0.08_txt0.1_tile2800_ov0.2_nms0.45_procDEFAULT.jpg,p64_tiled_dpi300_box0.08_txt0.1_tile2800_ov0.2_nms0.45_procDEFAULT,unlabeled,
64,tiled,300,defxdef,800x800,0.12,0.1,2800.0,0.2,0.45,6,52,10,1,1,1.0,10,2,0,8,0.23,2.9,grounded,,dino_lab_runs\20260920_124756\p64_tiled_dpi300_box0.12_txt0.1_tile2800_ov0.2_nms0.45_procDEFAULT.jpg,p64_tiled_dpi300_box0.12_txt0.1_tile2800_ov0.2_nms0.45_procDEFAULT,unlabeled,
64,single,300,defxdef,1236x800,0.08,0.1,,,,1,14,7,1,0,0.0,7,0,0,7,0.179,0.9,grounded,,dino_lab_runs\20260920_124756\p64_single_dpi300_box0.08_txt0.1_procDEFAULT.jpg,p64_single_dpi300_box0.08_txt0.1_procDEFAULT,unlabeled,
64,single,300,defxdef,1236x800,0.12,0.1,,,,1,8,5,1,0,0.0,5,0,0,5,0.217,0.9,grounded,,dino_lab_runs\20260920_124756\p64_single_dpi300_box0.12_txt0.1_procDEFAULT.jpg,p64_single_dpi300_box0.12_txt0.1_procDEFAULT,unlabeled,
65,tiled,300,defxdef,800x800,0.08,0.1,2800.0,0.2,0.45,6,153,19,1,0,0.0,19,0,0,19,0.159,2.9,grounded,,dino_lab_runs\20260920_124756\p65_tiled_dpi300_box0.08_txt0.1_tile2800_ov0.2_nms0.45_procDEFAULT.jpg,p65_tiled_dpi300_box0.08_txt0.1_tile2800_ov0.2_nms0.45_procDEFAULT,unlabeled,
65,tiled,300,defxdef,800x800,0.12,0.1,2800.0,0.2,0.45,6,74,10,1,0,0.0,10,0,0,10,0.215,2.9,grounded,,dino_lab_runs\20260920_124756\p65_tiled_dpi300_box0.12_txt0.1_tile2800_ov0.2_nms0.45_procDEFAULT.jpg,p65_tiled_dpi300_box0.12_txt0.1_tile2800_ov0.2_nms0.45_procDEFAULT,unlabeled,
65,single,300,defxdef,1236x800,0.08,0.1,,,,1,25,23,1,0,0.0,23,0,0,23,0.147,1.0,grounded,,dino_lab_runs\20260920_124756\p65_single_dpi300_box0.08_txt0.1_procDEFAULT.jpg,p65_single_dpi300_box0.08_txt0.1_procDEFAULT,unlabeled,
65,single,300,defxdef,1236x800,0.12,0.1,,,,1,12,11,1,0,0.0,11,0,0,11,0.202,0.9,grounded,,dino_lab_runs\20260920_124756\p65_single_dpi300_box0.12_txt0.1_procDEFAULT.jpg,p65_single_dpi300_box0.12_txt0.1_procDEFAULT,unlabeled,
66,tiled,300,defxdef,800x800,0.08,0.1,2800.0,0.2,0.45,6,143,13,4,4,1.0,13,0,2,11,0.224,2.9,grounded,,dino_lab_runs\20260920_124756\p66_tiled_dpi300_box0.08_txt0.1_tile2800_ov0.2_nms0.45_procDEFAULT.jpg,p66_tiled_dpi300_box0.08_txt0.1_tile2800_ov0.2_nms0.45_procDEFAULT,unlabeled,
66,tiled,300,defxdef,800x800,0.12,0.1,2800.0,0.2,0.45,6,75,7,4,2,0.5,7,0,1,6,0.276,2.9,grounded,,dino_lab_runs\20260920_124756\p66_tiled_dpi300_box0.12_txt0.1_tile2800_ov0.2_nms0.45_procDEFAULT.jpg,p66_tiled_dpi300_box0.12_txt0.1_tile2800_ov0.2_nms0.45_procDEFAULT,unlabeled,
66,single,300,defxdef,1236x800,0.08,0.1,,,,1,23,20,4,2,0.5,20,0,1,19,0.163,0.9,grounded,,dino_lab_runs\20260920_124756\p66_single_dpi300_box0.08_txt0.1_procDEFAULT.jpg,p66_single_dpi300_box0.08_txt0.1_procDEFAULT,unlabeled,
66,single,300,defxdef,1236x800,0.12,0.1,,,,1,14,13,4,0,0.0,13,0,0,13,0.197,0.9,grounded,,dino_lab_runs\20260920_124756\p66_single_dpi300_box0.12_txt0.1_procDEFAULT.jpg,p66_single_dpi300_box0.12_txt0.1_procDEFAULT,unlabeled,
67,tiled,300,defxdef,800x800,0.08,0.1,2800.0,0.2,0.45,6,134,18,3,3,1.0,18,1,1,16,0.193,2.9,grounded,,dino_lab_runs\20260920_124756\p67_tiled_dpi300_box0.08_txt0.1_tile2800_ov0.2_nms0.45_procDEFAULT.jpg,p67_tiled_dpi300_box0.08_txt0.1_tile2800_ov0.2_nms0.45_procDEFAULT,unlabeled,
67,tiled,300,defxdef,800x800,0.12,0.1,2800.0,0.2,0.45,6,77,13,3,0,0.0,13,0,0,13,0.225,2.9,grounded,,dino_lab_runs\20260920_124756\p67_tiled_dpi300_box0.12_txt0.1_tile2800_ov0.2_nms0.45_procDEFAULT.jpg,p67_tiled_dpi300_box0.12_txt0.1_tile2800_ov0.2_nms0.45_procDEFAULT,unlabeled,
67,single,300,defxdef,1236x800,0.08,0.1,,,,1,21,15,3,1,0.333,15,2,0,13,0.158,0.9,grounded,,dino_lab_runs\20260920_124756\p67_single_dpi300_box0.08_txt0.1_procDEFAULT.jpg,p67_single_dpi300_box0.08_txt0.1_procDEFAULT,unlabeled,
67,single,300,defxdef,1236x800,0.12,0.1,,,,1,11,10,3,1,0.333,10,1,0,9,0.188,0.9,grounded,,dino_lab_runs\20260920_124756\p67_single_dpi300_box0.12_txt0.1_procDEFAULT.jpg,p67_single_dpi300_box0.12_txt0.1_procDEFAULT,unlabeled,
68,tiled,300,defxdef,800x800,0.08,0.1,2800.0,0.2,0.45,6,152,18,2,1,0.5,18,1,0,17,0.175,2.9,grounded,,dino_lab_runs\20260920_124756\p68_tiled_dpi300_box0.08_txt0.1_tile2800_ov0.2_nms0.45_procDEFAULT.jpg,p68_tiled_dpi300_box0.08_txt0.1_tile2800_ov0.2_nms0.45_procDEFAULT,unlabeled,
68,tiled,300,defxdef,800x800,0.12,0.1,2800.0,0.2,0.45,6,78,12,2,0,0.0,12,0,0,12,0.206,2.8,grounded,,dino_lab_runs\20260920_124756\p68_tiled_dpi300_box0.12_txt0.1_tile2800_ov0.2_nms0.45_procDEFAULT.jpg,p68_tiled_dpi300_box0.12_txt0.1_tile2800_ov0.2_nms0.45_procDEFAULT,unlabeled,
68,single,300,defxdef,1236x800,0.08,0.1,,,,1,24,22,2,1,0.5,22,2,0,20,0.146,0.9,grounded,,dino_lab_runs\20260920_124756\p68_single_dpi300_box0.08_txt0.1_procDEFAULT.jpg,p68_single_dpi300_box0.08_txt0.1_procDEFAULT,unlabeled,
68,single,300,defxdef,1236x800,0.12,0.1,,,,1,16,15,2,1,0.5,15,2,0,13,0.17,1.0,grounded,,dino_lab_runs\20260920_124756\p68_single_dpi300_box0.12_txt0.1_procDEFAULT.jpg,p68_single_dpi300_box0.12_txt0.1_procDEFAULT,unlabeled,
69,tiled,300,defxdef,800x800,0.08,0.1,2800.0,0.2,0.45,6,135,17,3,2,0.667,17,3,0,14,0.181,3.2,grounded,,dino_lab_runs\20260920_124756\p69_tiled_dpi300_box0.08_txt0.1_tile2800_ov0.2_nms0.45_procDEFAULT.jpg,p69_tiled_dpi300_box0.08_txt0.1_tile2800_ov0.2_nms0.45_procDEFAULT,unlabeled,
69,tiled,300,defxdef,800x800,0.12,0.1,2800.0,0.2,0.45,6,78,11,3,1,0.333,11,2,0,9,0.219,3.0,grounded,,dino_lab_runs\20260920_124756\p69_tiled_dpi300_box0.12_txt0.1_tile2800_ov0.2_nms0.45_procDEFAULT.jpg,p69_tiled_dpi300_box0.12_txt0.1_tile2800_ov0.2_nms0.45_procDEFAULT,unlabeled,
69,single,300,defxdef,1236x800,0.08,0.1,,,,1,18,16,3,1,0.333,16,6,0,10,0.169,0.9,grounded,,dino_lab_runs\20260920_124756\p69_single_dpi300_box0.08_txt0.1_procDEFAULT.jpg,p69_single_dpi300_box0.08_txt0.1_procDEFAULT,unlabeled,
69,single,300,defxdef,1236x800,0.12,0.1,,,,1,11,10,3,1,0.333,10,4,0,6,0.212,1.0,grounded,,dino_lab_runs\20260920_124756\p69_single_dpi300_box0.12_txt0.1_procDEFAULT.jpg,p69_single_dpi300_box0.12_txt0.1_procDEFAULT,unlabeled,
70,tiled,300,defxdef,800x800,0.08,0.1,2800.0,0.2,0.45,6,145,16,1,0,0.0,16,0,0,16,0.193,2.9,grounded,,dino_lab_runs\20260920_124756\p70_tiled_dpi300_box0.08_txt0.1_tile2800_ov0.2_nms0.45_procDEFAULT.jpg,p70_tiled_dpi300_box0.08_txt0.1_tile2800_ov0.2_nms0.45_procDEFAULT,unlabeled,
70,tiled,300,defxdef,800x800,0.12,0.1,2800.0,0.2,0.45,6,90,11,1,0,0.0,11,0,0,11,0.24,3.3,grounded,,dino_lab_runs\20260920_124756\p70_tiled_dpi300_box0.12_txt0.1_tile2800_ov0.2_nms0.45_procDEFAULT.jpg,p70_tiled_dpi300_box0.12_txt0.1_tile2800_ov0.2_nms0.45_procDEFAULT,unlabeled,
70,single,300,defxdef,1236x800,0.08,0.1,,,,1,25,22,1,0,0.0,22,0,0,22,0.144,0.9,grounded,,dino_lab_runs\20260920_124756\p70_single_dpi300_box0.08_txt0.1_procDEFAULT.jpg,p70_single_dpi300_box0.08_txt0.1_procDEFAULT,unlabeled,
70,single,300,defxdef,1236x800,0.12,0.1,,,,1,14,13,1,0,0.0,13,0,0,13,0.176,1.0,grounded,,dino_lab_runs\20260920_124756\p70_single_dpi300_box0.12_txt0.1_procDEFAULT.jpg,p70_single_dpi300_box0.12_txt0.1_procDEFAULT,unlabeled,
71,tiled,300,defxdef,800x800,0.08,0.1,2800.0,0.2,0.45,6,95,19,3,2,0.667,19,3,1,15,0.145,2.9,grounded,,dino_lab_runs\20260920_124756\p71_tiled_dpi300_box0.08_txt0.1_tile2800_ov0.2_nms0.45_procDEFAULT.jpg,p71_tiled_dpi300_box0.08_txt0.1_tile2800_ov0.2_nms0.45_procDEFAULT,unlabeled,
71,tiled,300,defxdef,800x800,0.12,0.1,2800.0,0.2,0.45,6,39,9,3,2,0.667,9,1,1,7,0.201,2.9,grounded,,dino_lab_runs\20260920_124756\p71_tiled_dpi300_box0.12_txt0.1_tile2800_ov0.2_nms0.45_procDEFAULT.jpg,p71_tiled_dpi300_box0.12_txt0.1_tile2800_ov0.2_nms0.45_procDEFAULT,unlabeled,
71,single,300,defxdef,1236x800,0.08,0.1,,,,1,18,14,3,2,0.667,14,4,3,7,0.128,1.0,grounded,,dino_lab_runs\20260920_124756\p71_single_dpi300_box0.08_txt0.1_procDEFAULT.jpg,p71_single_dpi300_box0.08_txt0.1_procDEFAULT,unlabeled,
71,single,300,defxdef,1236x800,0.12,0.1,,,,1,7,6,3,2,0.667,6,1,1,4,0.166,0.9,grounded,,dino_lab_runs\20260920_124756\p71_single_dpi300_box0.12_txt0.1_procDEFAULT.jpg,p71_single_dpi300_box0.12_txt0.1_procDEFAULT,unlabeled,
72,tiled,300,defxdef,800x800,0.08,0.1,2800.0,0.2,0.45,6,150,15,1,0,0.0,15,0,0,15,0.191,3.0,grounded,,dino_lab_runs\20260920_124756\p72_tiled_dpi300_box0.08_txt0.1_tile2800_ov0.2_nms0.45_procDEFAULT.jpg,p72_tiled_dpi300_box0.08_txt0.1_tile2800_ov0.2_nms0.45_procDEFAULT,unlabeled,
72,tiled,300,defxdef,800x800,0.12,0.1,2800.0,0.2,0.45,6,86,11,1,0,0.0,11,0,0,11,0.215,2.9,grounded,,dino_lab_runs\20260920_124756\p72_tiled_dpi300_box0.12_txt0.1_tile2800_ov0.2_nms0.45_procDEFAULT.jpg,p72_tiled_dpi300_box0.12_txt0.1_tile2800_ov0.2_nms0.45_procDEFAULT,unlabeled,
72,single,300,defxdef,1236x800,0.08,0.1,,,,1,19,17,1,0,0.0,17,0,0,17,0.184,0.9,grounded,,dino_lab_runs\20260920_124756\p72_single_dpi300_box0.08_txt0.1_procDEFAULT.jpg,p72_single_dpi300_box0.08_txt0.1_procDEFAULT,unlabeled,
72,single,300,defxdef,1236x800,0.12,0.1,,,,1,15,14,1,0,0.0,14,0,0,14,0.202,0.9,grounded,,dino_lab_runs\20260920_124756\p72_single_dpi300_box0.12_txt0.1_procDEFAULT.jpg,p72_single_dpi300_box0.12_txt0.1_procDEFAULT,unlabeled,
73,tiled,300,defxdef,800x800,0.08,0.1,2800.0,0.2,0.45,6,109,11,1,1,1.0,11,1,0,10,0.228,2.9,grounded,,dino_lab_runs\20260920_124756\p73_tiled_dpi300_box0.08_txt0.1_tile2800_ov0.2_nms0.45_procDEFAULT.jpg,p73_tiled_dpi300_box0.08_txt0.1_tile2800_ov0.2_nms0.45_procDEFAULT,unlabeled,
73,tiled,300,defxdef,800x800,0.12,0.1,2800.0,0.2,0.45,6,66,9,1,0,0.0,9,0,0,9,0.257,3.0,grounded,,dino_lab_runs\20260920_124756\p73_tiled_dpi300_box0.12_txt0.1_tile2800_ov0.2_nms0.45_procDEFAULT.jpg,p73_tiled_dpi300_box0.12_txt0.1_tile2800_ov0.2_nms0.45_procDEFAULT,unlabeled,
73,single,300,defxdef,1236x800,0.08,0.1,,,,1,22,19,1,1,1.0,19,1,0,18,0.149,1.0,grounded,,dino_lab_runs\20260920_124756\p73_single_dpi300_box0.08_txt0.1_procDEFAULT.jpg,p73_single_dpi300_box0.08_txt0.1_procDEFAULT,unlabeled,
73,single,300,defxdef,1236x800,0.12,0.1,,,,1,10,9,1,1,1.0,9,1,0,8,0.209,0.9,grounded,,dino_lab_runs\20260920_124756\p73_single_dpi300_box0.12_txt0.1_procDEFAULT.jpg,p73_single_dpi300_box0.12_txt0.1_procDEFAULT,unlabeled,
74,tiled,300,defxdef,800x800,0.08,0.1,2800.0,0.2,0.45,6,153,13,2,0,0.0,13,0,0,13,0.18,3.0,grounded,,dino_lab_runs\20260920_124756\p74_tiled_dpi300_box0.08_txt0.1_tile2800_ov0.2_nms0.45_procDEFAULT.jpg,p74_tiled_dpi300_box0.08_txt0.1_tile2800_ov0.2_nms0.45_procDEFAULT,unlabeled,
74,tiled,300,defxdef,800x800,0.12,0.1,2800.0,0.2,0.45,6,67,10,2,0,0.0,10,0,0,10,0.205,2.8,grounded,,dino_lab_runs\20260920_124756\p74_tiled_dpi300_box0.12_txt0.1_tile2800_ov0.2_nms0.45_procDEFAULT.jpg,p74_tiled_dpi300_box0.12_txt0.1_tile2800_ov0.2_nms0.45_procDEFAULT,unlabeled,
74,single,300,defxdef,1236x800,0.08,0.1,,,,1,26,23,2,0,0.0,23,0,0,23,0.158,1.0,grounded,,dino_lab_runs\20260920_124756\p74_single_dpi300_box0.08_txt0.1_procDEFAULT.jpg,p74_single_dpi300_box0.08_txt0.1_procDEFAULT,unlabeled,
74,single,300,defxdef,1236x800,0.12,0.1,,,,1,12,11,2,0,0.0,11,0,0,11,0.227,1.0,grounded,,dino_lab_runs\20260920_124756\p74_single_dpi300_box0.12_txt0.1_procDEFAULT.jpg,p74_single_dpi300_box0.12_txt0.1_procDEFAULT,unlabeled,
75,tiled,300,defxdef,800x800,0.08,0.1,2800.0,0.2,0.45,6,127,12,2,0,0.0,12,0,0,12,0.179,3.0,grounded,,dino_lab_runs\20260920_124756\p75_tiled_dpi300_box0.08_txt0.1_tile2800_ov0.2_nms0.45_procDEFAULT.jpg,p75_tiled_dpi300_box0.08_txt0.1_tile2800_ov0.2_nms0.45_procDEFAULT,unlabeled,
75,tiled,300,defxdef,800x800,0.12,0.1,2800.0,0.2,0.45,6,61,8,2,0,0.0,8,0,0,8,0.208,3.0,grounded,,dino_lab_runs\20260920_124756\p75_tiled_dpi300_box0.12_txt0.1_tile2800_ov0.2_nms0.45_procDEFAULT.jpg,p75_tiled_dpi300_box0.12_txt0.1_tile2800_ov0.2_nms0.45_procDEFAULT,unlabeled,
75,single,300,defxdef,1236x800,0.08,0.1,,,,1,24,22,2,0,0.0,22,0,0,22,0.166,0.9,grounded,,dino_lab_runs\20260920_124756\p75_single_dpi300_box0.08_txt0.1_procDEFAULT.jpg,p75_single_dpi300_box0.08_txt0.1_procDEFAULT,unlabeled,
75,single,300,defxdef,1236x800,0.12,0.1,,,,1,14,13,2,0,0.0,13,0,0,13,0.217,0.9,grounded,,dino_lab_runs\20260920_124756\p75_single_dpi300_box0.12_txt0.1_procDEFAULT.jpg,p75_single_dpi300_box0.12_txt0.1_procDEFAULT,unlabeled,
76,tiled,300,defxdef,800x800,0.08,0.1,2800.0,0.2,0.45,6,111,18,1,1,1.0,18,1,0,17,0.137,2.9,grounded,,dino_lab_runs\20260920_124756\p76_tiled_dpi300_box0.08_txt0.1_tile2800_ov0.2_nms0.45_procDEFAULT.jpg,p76_tiled_dpi300_box0.08_txt0.1_tile2800_ov0.2_nms0.45_procDEFAULT,unlabeled,
76,tiled,300,defxdef,800x800,0.12,0.1,2800.0,0.2,0.45,6,53,7,1,1,1.0,7,1,0,6,0.184,2.8,grounded,,dino_lab_runs\20260920_124756\p76_tiled_dpi300_box0.12_txt0.1_tile2800_ov0.2_nms0.45_procDEFAULT.jpg,p76_tiled_dpi300_box0.12_txt0.1_tile2800_ov0.2_nms0.45_procDEFAULT,unlabeled,
76,single,300,defxdef,1236x800,0.08,0.1,,,,1,13,9,1,1,1.0,9,1,0,8,0.152,1.0,grounded,,dino_lab_runs\20260920_124756\p76_single_dpi300_box0.08_txt0.1_procDEFAULT.jpg,p76_single_dpi300_box0.08_txt0.1_procDEFAULT,unlabeled,
76,single,300,defxdef,1236x800,0.12,0.1,,,,1,5,4,1,1,1.0,4,1,0,3,0.229,1.0,grounded,,dino_lab_runs\20260920_124756\p76_single_dpi300_box0.12_txt0.1_procDEFAULT.jpg,p76_single_dpi300_box0.12_txt0.1_procDEFAULT,unlabeled,
77,tiled,300,defxdef,800x800,0.08,0.1,2800.0,0.2,0.45,6,130,22,2,0,0.0,22,0,0,22,0.164,2.8,grounded,,dino_lab_runs\20260920_124756\p77_tiled_dpi300_box0.08_txt0.1_tile2800_ov0.2_nms0.45_procDEFAULT.jpg,p77_tiled_dpi300_box0.08_txt0.1_tile2800_ov0.2_nms0.45_procDEFAULT,unlabeled,
77,tiled,300,defxdef,800x800,0.12,0.1,2800.0,0.2,0.45,6,68,11,2,0,0.0,11,0,0,11,0.223,2.8,grounded,,dino_lab_runs\20260920_124756\p77_tiled_dpi300_box0.12_txt0.1_tile2800_ov0.2_nms0.45_procDEFAULT.jpg,p77_tiled_dpi300_box0.12_txt0.1_tile2800_ov0.2_nms0.45_procDEFAULT,unlabeled,
77,single,300,defxdef,1236x800,0.08,0.1,,,,1,24,22,2,0,0.0,22,0,0,22,0.161,0.9,grounded,,dino_lab_runs\20260920_124756\p77_single_dpi300_box0.08_txt0.1_procDEFAULT.jpg,p77_single_dpi300_box0.08_txt0.1_procDEFAULT,unlabeled,
77,single,300,defxdef,1236x800,0.12,0.1,,,,1,16,15,2,0,0.0,15,0,0,15,0.192,1.0,grounded,,dino_lab_runs\20260920_124756\p77_single_dpi300_box0.12_txt0.1_procDEFAULT.jpg,p77_single_dpi300_box0.12_txt0.1_procDEFAULT,unlabeled,
78,tiled,300,defxdef,800x800,0.08,0.1,2800.0,0.2,0.45,6,148,19,2,2,1.0,19,2,0,17,0.171,2.9,grounded,,dino_lab_runs\20260920_124756\p78_tiled_dpi300_box0.08_txt0.1_tile2800_ov0.2_nms0.45_procDEFAULT.jpg,p78_tiled_dpi300_box0.08_txt0.1_tile2800_ov0.2_nms0.45_procDEFAULT,unlabeled,
78,tiled,300,defxdef,800x800,0.12,0.1,2800.0,0.2,0.45,6,76,10,2,1,0.5,10,1,0,9,0.231,2.8,grounded,,dino_lab_runs\20260920_124756\p78_tiled_dpi300_box0.12_txt0.1_tile2800_ov0.2_nms0.45_procDEFAULT.jpg,p78_tiled_dpi300_box0.12_txt0.1_tile2800_ov0.2_nms0.45_procDEFAULT,unlabeled,
78,single,300,defxdef,1236x800,0.08,0.1,,,,1,34,31,2,1,0.5,31,1,0,30,0.149,0.9,grounded,,dino_lab_runs\20260920_124756\p78_single_dpi300_box0.08_txt0.1_procDEFAULT.jpg,p78_single_dpi300_box0.08_txt0.1_procDEFAULT,unlabeled,
78,single,300,defxdef,1236x800,0.12,0.1,,,,1,16,15,2,0,0.0,15,0,0,15,0.208,0.9,grounded,,dino_lab_runs\20260920_124756\p78_single_dpi300_box0.12_txt0.1_procDEFAULT.jpg,p78_single_dpi300_box0.12_txt0.1_procDEFAULT,unlabeled,
79,tiled,300,defxdef,800x800,0.08,0.1,2800.0,0.2,0.45,6,133,17,2,0,0.0,17,0,0,17,0.155,2.9,grounded,,dino_lab_runs\20260920_124756\p79_tiled_dpi300_box0.08_txt0.1_tile2800_ov0.2_nms0.45_procDEFAULT.jpg,p79_tiled_dpi300_box0.08_txt0.1_tile2800_ov0.2_nms0.45_procDEFAULT,unlabeled,
79,tiled,300,defxdef,800x800,0.12,0.1,2800.0,0.2,0.45,6,57,9,2,0,0.0,9,0,0,9,0.221,3.0,grounded,,dino_lab_runs\20260920_124756\p79_tiled_dpi300_box0.12_txt0.1_tile2800_ov0.2_nms0.45_procDEFAULT.jpg,p79_tiled_dpi300_box0.12_txt0.1_tile2800_ov0.2_nms0.45_procDEFAULT,unlabeled,
79,single,300,defxdef,1236x800,0.08,0.1,,,,1,25,23,2,0,0.0,23,0,0,23,0.161,0.9,grounded,,dino_lab_runs\20260920_124756\p79_single_dpi300_box0.08_txt0.1_procDEFAULT.jpg,p79_single_dpi300_box0.08_txt0.1_procDEFAULT,unlabeled,
79,single,300,defxdef,1236x800,0.12,0.1,,,,1,14,13,2,0,0.0,13,0,0,13,0.21,0.9,grounded,,dino_lab_runs\20260920_124756\p79_single_dpi300_box0.12_txt0.1_procDEFAULT.jpg,p79_single_dpi300_box0.12_txt0.1_procDEFAULT,unlabeled,
80,tiled,300,defxdef,800x800,0.08,0.1,2800.0,0.2,0.45,6,128,16,2,1,0.5,16,1,0,15,0.141,3.0,grounded,,dino_lab_runs\20260920_124756\p80_tiled_dpi300_box0.08_txt0.1_tile2800_ov0.2_nms0.45_procDEFAULT.jpg,p80_tiled_dpi300_box0.08_txt0.1_tile2800_ov0.2_nms0.45_procDEFAULT,unlabeled,
80,tiled,300,defxdef,800x800,0.12,0.1,2800.0,0.2,0.45,6,54,7,2,0,0.0,7,0,0,7,0.187,2.8,grounded,,dino_lab_runs\20260920_124756\p80_tiled_dpi300_box0.12_txt0.1_tile2800_ov0.2_nms0.45_procDEFAULT.jpg,p80_tiled_dpi300_box0.12_txt0.1_tile2800_ov0.2_nms0.45_procDEFAULT,unlabeled,
80,single,300,defxdef,1236x800,0.08,0.1,,,,1,24,20,2,0,0.0,20,0,0,20,0.147,0.8,grounded,,dino_lab_runs\20260920_124756\p80_single_dpi300_box0.08_txt0.1_procDEFAULT.jpg,p80_single_dpi300_box0.08_txt0.1_procDEFAULT,unlabeled,
80,single,300,defxdef,1236x800,0.12,0.1,,,,1,11,9,2,0,0.0,9,0,0,9,0.211,0.9,grounded,,dino_lab_runs\20260920_124756\p80_single_dpi300_box0.12_txt0.1_procDEFAULT.jpg,p80_single_dpi300_box0.12_txt0.1_procDEFAULT,unlabeled,
81,tiled,300,defxdef,800x800,0.08,0.1,2800.0,0.2,0.45,6,149,17,2,0,0.0,17,0,0,17,0.166,2.9,grounded,,dino_lab_runs\20260920_124756\p81_tiled_dpi300_box0.08_txt0.1_tile2800_ov0.2_nms0.45_procDEFAULT.jpg,p81_tiled_dpi300_box0.08_txt0.1_tile2800_ov0.2_nms0.45_procDEFAULT,unlabeled,
81,tiled,300,defxdef,800x800,0.12,0.1,2800.0,0.2,0.45,6,79,10,2,0,0.0,10,0,0,10,0.198,2.9,grounded,,dino_lab_runs\20260920_124756\p81_tiled_dpi300_box0.12_txt0.1_tile2800_ov0.2_nms0.45_procDEFAULT.jpg,p81_tiled_dpi300_box0.12_txt0.1_tile2800_ov0.2_nms0.45_procDEFAULT,unlabeled,
81,single,300,defxdef,1236x800,0.08,0.1,,,,1,25,23,2,0,0.0,23,0,0,23,0.159,1.0,grounded,,dino_lab_runs\20260920_124756\p81_single_dpi300_box0.08_txt0.1_procDEFAULT.jpg,p81_single_dpi300_box0.08_txt0.1_procDEFAULT,unlabeled,
81,single,300,defxdef,1236x800,0.12,0.1,,,,1,16,15,2,0,0.0,15,0,0,15,0.195,0.9,grounded,,dino_lab_runs\20260920_124756\p81_single_dpi300_box0.12_txt0.1_procDEFAULT.jpg,p81_single_dpi300_box0.12_txt0.1_procDEFAULT,unlabeled,
82,tiled,300,defxdef,800x800,0.08,0.1,2800.0,0.2,0.45,6,130,18,2,2,1.0,18,2,0,16,0.154,2.8,grounded,,dino_lab_runs\20260920_124756\p82_tiled_dpi300_box0.08_txt0.1_tile2800_ov0.2_nms0.45_procDEFAULT.jpg,p82_tiled_dpi300_box0.08_txt0.1_tile2800_ov0.2_nms0.45_procDEFAULT,unlabeled,
82,tiled,300,defxdef,800x800,0.12,0.1,2800.0,0.2,0.45,6,63,7,2,2,1.0,7,2,0,5,0.234,3.1,grounded,,dino_lab_runs\20260920_124756\p82_tiled_dpi300_box0.12_txt0.1_tile2800_ov0.2_nms0.45_procDEFAULT.jpg,p82_tiled_dpi300_box0.12_txt0.1_tile2800_ov0.2_nms0.45_procDEFAULT,unlabeled,
82,single,300,defxdef,1236x800,0.08,0.1,,,,1,26,22,2,1,0.5,22,2,0,20,0.164,1.0,grounded,,dino_lab_runs\20260920_124756\p82_single_dpi300_box0.08_txt0.1_procDEFAULT.jpg,p82_single_dpi300_box0.08_txt0.1_procDEFAULT,unlabeled,
82,single,300,defxdef,1236x800,0.12,0.1,,,,1,14,13,2,1,0.5,13,1,0,12,0.209,0.9,grounded,,dino_lab_runs\20260920_124756\p82_single_dpi300_box0.12_txt0.1_procDEFAULT.jpg,p82_single_dpi300_box0.12_txt0.1_procDEFAULT,unlabeled,
83,tiled,300,defxdef,800x800,0.08,0.1,2800.0,0.2,0.45,6,142,17,1,1,1.0,17,2,0,15,0.141,2.9,grounded,,dino_lab_runs\20260920_124756\p83_tiled_dpi300_box0.08_txt0.1_tile2800_ov0.2_nms0.45_procDEFAULT.jpg,p83_tiled_dpi300_box0.08_txt0.1_tile2800_ov0.2_nms0.45_procDEFAULT,unlabeled,
83,tiled,300,defxdef,800x800,0.12,0.1,2800.0,0.2,0.45,6,57,6,1,1,1.0,6,1,0,5,0.183,3.0,grounded,,dino_lab_runs\20260920_124756\p83_tiled_dpi300_box0.12_txt0.1_tile2800_ov0.2_nms0.45_procDEFAULT.jpg,p83_tiled_dpi300_box0.12_txt0.1_tile2800_ov0.2_nms0.45_procDEFAULT,unlabeled,
83,single,300,defxdef,1236x800,0.08,0.1,,,,1,20,15,1,0,0.0,15,0,0,15,0.136,1.1,grounded,,dino_lab_runs\20260920_124756\p83_single_dpi300_box0.08_txt0.1_procDEFAULT.jpg,p83_single_dpi300_box0.08_txt0.1_procDEFAULT,unlabeled,
83,single,300,defxdef,1236x800,0.12,0.1,,,,1,8,6,1,0,0.0,6,0,0,6,0.201,0.8,grounded,,dino_lab_runs\20260920_124756\p83_single_dpi300_box0.12_txt0.1_procDEFAULT.jpg,p83_single_dpi300_box0.12_txt0.1_procDEFAULT,unlabeled,
84,tiled,300,defxdef,800x800,0.08,0.1,2800.0,0.2,0.45,6,123,11,1,1,1.0,11,2,0,9,0.217,3.0,grounded,,dino_lab_runs\20260920_124756\p84_tiled_dpi300_box0.08_txt0.1_tile2800_ov0.2_nms0.45_procDEFAULT.jpg,p84_tiled_dpi300_box0.08_txt0.1_tile2800_ov0.2_nms0.45_procDEFAULT,unlabeled,
84,tiled,300,defxdef,800x800,0.12,0.1,2800.0,0.2,0.45,6,76,7,1,1,1.0,7,1,0,6,0.273,2.8,grounded,,dino_lab_runs\20260920_124756\p84_tiled_dpi300_box0.12_txt0.1_tile2800_ov0.2_nms0.45_procDEFAULT.jpg,p84_tiled_dpi300_box0.12_txt0.1_tile2800_ov0.2_nms0.45_procDEFAULT,unlabeled,
84,single,300,defxdef,1236x800,0.08,0.1,,,,1,24,21,1,1,1.0,21,6,0,15,0.152,0.9,grounded,,dino_lab_runs\20260920_124756\p84_single_dpi300_box0.08_txt0.1_procDEFAULT.jpg,p84_single_dpi300_box0.08_txt0.1_procDEFAULT,unlabeled,
84,single,300,defxdef,1236x800,0.12,0.1,,,,1,14,13,1,1,1.0,13,4,0,9,0.188,0.9,grounded,,dino_lab_runs\20260920_124756\p84_single_dpi300_box0.12_txt0.1_procDEFAULT.jpg,p84_single_dpi300_box0.12_txt0.1_procDEFAULT,unlabeled,
85,tiled,300,defxdef,800x800,0.08,0.1,2800.0,0.2,0.45,6,139,16,4,3,0.75,16,4,0,12,0.177,2.8,grounded,,dino_lab_runs\20260920_124756\p85_tiled_dpi300_box0.08_txt0.1_tile2800_ov0.2_nms0.45_procDEFAULT.jpg,p85_tiled_dpi300_box0.08_txt0.1_tile2800_ov0.2_nms0.45_procDEFAULT,unlabeled,
85,tiled,300,defxdef,800x800,0.12,0.1,2800.0,0.2,0.45,6,66,9,4,2,0.5,9,2,0,7,0.23,2.9,grounded,,dino_lab_runs\20260920_124756\p85_tiled_dpi300_box0.12_txt0.1_tile2800_ov0.2_nms0.45_procDEFAULT.jpg,p85_tiled_dpi300_box0.12_txt0.1_tile2800_ov0.2_nms0.45_procDEFAULT,unlabeled,
85,single,300,defxdef,1236x800,0.08,0.1,,,,1,25,23,4,1,0.25,23,4,0,19,0.164,0.9,grounded,,dino_lab_runs\20260920_124756\p85_single_dpi300_box0.08_txt0.1_procDEFAULT.jpg,p85_single_dpi300_box0.08_txt0.1_procDEFAULT,unlabeled,
85,single,300,defxdef,1236x800,0.12,0.1,,,,1,13,12,4,0,0.0,12,0,0,12,0.227,0.9,grounded,,dino_lab_runs\20260920_124756\p85_single_dpi300_box0.12_txt0.1_procDEFAULT.jpg,p85_single_dpi300_box0.12_txt0.1_procDEFAULT,unlabeled,
86,tiled,300,defxdef,800x800,0.08,0.1,2800.0,0.2,0.45,6,148,15,4,2,0.5,15,2,0,13,0.211,2.9,grounded,,dino_lab_runs\20260920_124756\p86_tiled_dpi300_box0.08_txt0.1_tile2800_ov0.2_nms0.45_procDEFAULT.jpg,p86_tiled_dpi300_box0.08_txt0.1_tile2800_ov0.2_nms0.45_procDEFAULT,unlabeled,
86,tiled,300,defxdef,800x800,0.12,0.1,2800.0,0.2,0.45,6,79,11,4,0,0.0,11,0,0,11,0.252,2.9,grounded,,dino_lab_runs\20260920_124756\p86_tiled_dpi300_box0.12_txt0.1_tile2800_ov0.2_nms0.45_procDEFAULT.jpg,p86_tiled_dpi300_box0.12_txt0.1_tile2800_ov0.2_nms0.45_procDEFAULT,unlabeled,
86,single,300,defxdef,1236x800,0.08,0.1,,,,1,27,24,4,1,0.25,24,2,0,22,0.186,0.9,grounded,,dino_lab_runs\20260920_124756\p86_single_dpi300_box0.08_txt0.1_procDEFAULT.jpg,p86_single_dpi300_box0.08_txt0.1_procDEFAULT,unlabeled,
86,single,300,defxdef,1236x800,0.12,0.1,,,,1,16,15,4,0,0.0,15,0,0,15,0.239,0.9,grounded,,dino_lab_runs\20260920_124756\p86_single_dpi300_box0.12_txt0.1_procDEFAULT.jpg,p86_single_dpi300_box0.12_txt0.1_procDEFAULT,unlabeled,
87,tiled,300,defxdef,800x800,0.08,0.1,2800.0,0.2,0.45,6,134,13,4,1,0.25,13,1,0,12,0.21,2.9,grounded,,dino_lab_runs\20260920_124756\p87_tiled_dpi300_box0.08_txt0.1_tile2800_ov0.2_nms0.45_procDEFAULT.jpg,p87_tiled_dpi300_box0.08_txt0.1_tile2800_ov0.2_nms0.45_procDEFAULT,unlabeled,
87,tiled,300,defxdef,800x800,0.12,0.1,2800.0,0.2,0.45,6,75,9,4,0,0.0,9,0,0,9,0.264,3.0,grounded,,dino_lab_runs\20260920_124756\p87_tiled_dpi300_box0.12_txt0.1_tile2800_ov0.2_nms0.45_procDEFAULT.jpg,p87_tiled_dpi300_box0.12_txt0.1_tile2800_ov0.2_nms0.45_procDEFAULT,unlabeled,
87,single,300,defxdef,1236x800,0.08,0.1,,,,1,24,21,4,0,0.0,21,0,0,21,0.179,1.0,grounded,,dino_lab_runs\20260920_124756\p87_single_dpi300_box0.08_txt0.1_procDEFAULT.jpg,p87_single_dpi300_box0.08_txt0.1_procDEFAULT,unlabeled,
87,single,300,defxdef,1236x800,0.12,0.1,,,,1,18,17,4,0,0.0,17,0,0,17,0.198,1.0,grounded,,dino_lab_runs\20260920_124756\p87_single_dpi300_box0.12_txt0.1_procDEFAULT.jpg,p87_single_dpi300_box0.12_txt0.1_procDEFAULT,unlabeled,
88,tiled,300,defxdef,800x800,0.08,0.1,2800.0,0.2,0.45,6,152,16,4,2,0.5,16,3,0,13,0.198,3.0,grounded,,dino_lab_runs\20260920_124756\p88_tiled_dpi300_box0.08_txt0.1_tile2800_ov0.2_nms0.45_procDEFAULT.jpg,p88_tiled_dpi300_box0.08_txt0.1_tile2800_ov0.2_nms0.45_procDEFAULT,unlabeled,
88,tiled,300,defxdef,800x800,0.12,0.1,2800.0,0.2,0.45,6,86,13,4,1,0.25,13,1,0,12,0.23,3.0,grounded,,dino_lab_runs\20260920_124756\p88_tiled_dpi300_box0.12_txt0.1_tile2800_ov0.2_nms0.45_procDEFAULT.jpg,p88_tiled_dpi300_box0.12_txt0.1_tile2800_ov0.2_nms0.45_procDEFAULT,unlabeled,
88,single,300,defxdef,1236x800,0.08,0.1,,,,1,24,22,4,1,0.25,22,1,0,21,0.173,0.9,grounded,,dino_lab_runs\20260920_124756\p88_single_dpi300_box0.08_txt0.1_procDEFAULT.jpg,p88_single_dpi300_box0.08_txt0.1_procDEFAULT,unlabeled,
88,single,300,defxdef,1236x800,0.12,0.1,,,,1,15,14,4,1,0.25,14,1,0,13,0.215,0.8,grounded,,dino_lab_runs\20260920_124756\p88_single_dpi300_box0.12_txt0.1_procDEFAULT.jpg,p88_single_dpi300_box0.12_txt0.1_procDEFAULT,unlabeled,
89,tiled,300,defxdef,800x800,0.08,0.1,2800.0,0.2,0.45,6,127,8,1,1,1.0,8,2,0,6,0.259,3.0,grounded,,dino_lab_runs\20260920_124756\p89_tiled_dpi300_box0.08_txt0.1_tile2800_ov0.2_nms0.45_procDEFAULT.jpg,p89_tiled_dpi300_box0.08_txt0.1_tile2800_ov0.2_nms0.45_procDEFAULT,unlabeled,
89,tiled,300,defxdef,800x800,0.12,0.1,2800.0,0.2,0.45,6,75,7,1,1,1.0,7,1,0,6,0.268,2.8,grounded,,dino_lab_runs\20260920_124756\p89_tiled_dpi300_box0.12_txt0.1_tile2800_ov0.2_nms0.45_procDEFAULT.jpg,p89_tiled_dpi300_box0.12_txt0.1_tile2800_ov0.2_nms0.45_procDEFAULT,unlabeled,
89,single,300,defxdef,1236x800,0.08,0.1,,,,1,24,20,1,1,1.0,20,2,0,18,0.155,0.9,grounded,,dino_lab_runs\20260920_124756\p89_single_dpi300_box0.08_txt0.1_procDEFAULT.jpg,p89_single_dpi300_box0.08_txt0.1_procDEFAULT,unlabeled,
89,single,300,defxdef,1236x800,0.12,0.1,,,,1,15,14,1,1,1.0,14,2,0,12,0.178,1.0,grounded,,dino_lab_runs\20260920_124756\p89_single_dpi300_box0.12_txt0.1_procDEFAULT.jpg,p89_single_dpi300_box0.12_txt0.1_procDEFAULT,unlabeled,
